Max_Temp_Spike_C,High_Voltage_Duration_s,CC_Charge_Duration_s,CV_Charge_Duration_s,Degradation_Rate_Percent
25.569605502331154,921.2294803848129,3627.8676500234096,1759.0219513949776,0.009087049723214441
23.452095984441183,942.9491409134431,3650.643133267956,1775.6065779467983,0.0024917131747743165
24.682803442422106,933.5084971455992,3550.2382277051847,1732.2788225585862,0.04044954471285391
27.962212882699156,930.4451970762929,3653.8861690511562,1836.1287727597605,0.028818690851114503
32.87818344702656,930.8890362438186,3645.957767909192,1865.328136646251,0.030732800000816192
29.15525576375257,922.6824679873495,3652.121393877827,1798.4808565369428,0.03205249239058809
26.665027196787594,913.7026379590728,3547.6725952280526,1759.2087389543126,0.01770584780043902
24.23261779791566,843.0311763664367,3650.5470171629026,1768.7590918699773,-0.006150393401978723
27.717276465618195,920.4569434437224,3491.1432214533506,1800.9269391577056,0.024760189923944638
23.45017454581399,934.8088500515955,3524.1375989974626,1788.76714909137,0.0023099731994068655
29.977764123973422,1057.4302026109199,3605.4560583213797,1868.0210739864733,0.02996184926008409
23.748183475865645,889.0685875330971,3726.0154948703043,1836.6134167690586,-0.0022968832002677833
22.634274757078025,865.977350310051,3497.182028419885,1824.2097448743054,-0.009188886738291305
24.082272427360014,917.3937379772761,3603.1178400226827,1708.6327976479379,0.0024234157106509603
24.826226507770407,958.5610852430785,3597.4084397928877,1845.8539092872477,0.012801438227979616
33.57551384882458,1140.5639995155295,3545.8326975596356,1823.7138341036407,0.04173850580557763
35.456574011698436,967.505381050869,3662.5693451428147,1849.3254674355405,0.04922038749124897
29.810258066553423,1211.2848090895927,3645.0430239220477,1813.3156690509827,0.02888097979341136
22.046179098356415,949.5227028799383,3477.7095654772675,1725.835932162791,-0.003849113684043702
26.38321686921876,890.4695821246348,3593.17445190438,1860.491293576978,0.011495269015635128
,855.2649002454435,3577.144101955564,1806.2422502630145,-0.0017906080795121186
27.984123872246006,959.3609352949713,3700.5227291188235,1819.3222177529065,0.028193090217001563
24.44092800999169,937.2053923266303,3490.0860856570303,1807.567276011228,0.005455744192799227
26.127166121581222,934.8951232591126,3558.672913879746,1712.0800802551946,0.015685155073562163
25.683088616223053,927.2288040654539,3608.853701314171,1875.3610309274286,0.011824460582749028
24.194282577554024,940.9751572452117,3620.885133648092,1778.4062241324652,0.008159167567279675
26.339101356448072,840.2758908177162,3599.313152878085,1803.4200145536763,0.00439231115015307
24.5518796978608,956.3246385451869,3692.093019073289,1797.8072233438284,0.011044538467959476
26.550838090695134,945.5004710914313,3561.2216779489427,1818.9141130193188,0.019967684133095364
26.781806361166332,948.9912661245887,3444.3664864266884,1807.8520825578807,0.020978592680546266
29.571703727394585,888.5451931484033,3544.082844611546,1813.619113399693,0.03203594668024611
27.77092759948404,1105.1757616702819,3508.8236348651126,1795.7620316016287,0.015404930193824964
24.351284798154715,942.5209915406656,3645.158735613199,1775.5208233746666,0.009168234807718141
27.87653418323355,867.956849255756,3618.1355366553785,1844.9155728874775,0.018204116668329842
,1041.125319066464,3639.6968471180703,1804.2136384369207,0.03304704745308719
37.56975337597328,987.8318374040196,3532.5211160971157,1786.53938271757,0.05952398227772336
26.42620228156154,900.5571724052797,3589.652923303969,1875.6434620331815,0.01218754809569769
,930.0549564838917,3480.985440369281,1796.896430892599,0.006537237703404412
27.374462556246172,848.816774970045,3597.5674486202815,1826.0289241264607,0.012850192820293182
29.24501074450898,932.6179725750923,3543.111369502903,1855.6080965735027,0.03453724177973805
22.652582219639488,874.8640851563213,3564.9317217922967,1857.8025794476757,-0.008660685283280694
30.812028666922636,887.2850003856271,3484.794034701047,1840.6429453936669,0.07768401938027189
27.803653700629074,895.0031217534311,3683.4642208123933,1830.0915398507855,0.02339647191413793
23.000773778046167,879.5075406994209,3568.7776829207173,1758.3228147488276,-0.003998463253230782
20.809257668922033,957.3618460184216,3586.5383272214763,1921.1041323801455,-0.003050330063589769
25.209074886196678,903.3027812984806,3642.3295104397716,1863.1712118247904,0.00928970276514356
21.507180462895604,981.3355328239066,3542.0052929291064,1794.5211092660286,0.0012110506622855508
31.31502919163925,907.7286245970762,3606.7463391726915,1831.8446506692042,0.04824272502553486
38.553972822394805,885.8756415173083,3632.1476786403964,1898.8862499180916,0.05249520347431162
24.65907271007613,926.6790487677425,3598.153416270999,1841.2366003817542,0.0038822617022907457
23.499470999661455,903.534527629478,3683.6692786302347,1822.582532730265,-0.0010780613376975084
24.49558674952459,914.9339023110166,3524.908495298681,1872.3125702580335,0.008712455452258972
,870.136472382568,3544.1394523652825,1908.3313613355147,-0.007772433733207419
23.55228453837695,875.2547203811818,3641.426539166225,1892.5860338891896,-0.0049102665084667894
,882.3457198839177,3537.9872707208597,1862.371341038728,-0.006856823706955028
25.977792801228333,942.9035385156836,3522.084892888346,1818.0505907913098,0.017361578773082788
22.932271650442406,930.7827592147736,3618.9491952514027,1890.1184939510888,0.029743043163775382
26.865854478493816,854.5980025361847,3512.1603415884183,1884.7623421320475,0.00925531650594172
23.189180422653735,912.5729092353184,3564.789398346451,1776.1875907130607,0.03817190628633049
23.864830326178698,890.5555750816977,3616.401844482763,1891.8780052540073,-0.0022117747365069896
27.316441123326637,924.1549557102036,3666.5177198137226,1839.9750512310447,0.025170661559247548
36.46865861011019,1073.5688878751369,3608.7626663141336,1789.887937029601,0.048661513113383126
26.70711673667848,889.1120896295299,3563.1099480491253,1882.6891624806524,0.016805651280586673
21.200655214380046,936.129654301428,3560.1875358011803,1827.6626067401246,-0.008221608538267712
33.4772594653016,1067.0393954665024,3557.913044601878,1861.2217977524265,0.0396648097402401
23.900069193407802,922.7328565306319,3561.1468458163963,1815.2488507009036,0.0008344156043905817
28.3807800620713,866.6167445991637,3583.131638795168,1871.7730780776785,0.024936529490866496
24.178798298837943,902.3272386865319,3523.742950816097,1814.5411813249302,0.004073733696426728
26.559750660747483,948.2669207572544,3468.264868946049,1791.540028486391,0.01756957032440811
23.72909591305516,981.6442479089418,3652.9860456919646,1924.548206776009,0.00812825980335906
24.52579251968128,894.9221636137632,3617.015506840525,1882.3103247271697,0.0027832340174243297
24.430469988836297,918.1299917626897,3401.9247471960102,1796.6790485603308,0.006022784961858574
25.453164386118534,893.0388941204983,3613.341428128876,1816.0850147424342,0.004941521003860569
24.433753287088443,900.971822424967,3626.9006069296574,1869.2797500812976,0.030957565002470096
24.181084695776065,902.9039351632457,3668.590348940902,1854.3238779572089,0.004693623151179222
27.62079085445654,892.2251010421982,3590.002004807587,1880.7354468967526,0.02086996108115917
26.639782931445904,991.904571651153,3505.561679604267,1924.1766322537849,0.06317959182596727
25.410746412512992,929.3327531455517,3495.797815198172,1820.1071786096409,0.013885051210364846
24.195232047008602,947.0866858271943,3571.0762911005063,1871.87694631071,0.006447750697987386
27.58772375051078,956.7061287875434,3676.2564704856723,1992.4525742889434,0.0275774882746307
24.851143530936817,965.1034027845226,3528.14414297005,1861.0576310406236,0.048789073533623016
22.723787917492654,926.5516891657694,3524.8182961804737,1876.8171271902738,-0.0003142695670876797
32.70858219071773,1242.1632630804859,3609.5974027451957,1968.9790034917046,0.05181459574062633
26.540008538490532,955.6753529370254,3566.1520545504486,1832.2415762306382,0.018806890282067588
21.708986010653835,904.8526969999845,3500.7843876697257,1820.7204281199377,-0.008888752028119883
25.65766195210375,929.1728436796683,3606.5206022350935,1851.8471073509118,0.01543291993242828
25.226606894238433,964.539623048873,3659.8691036081973,1855.000262571078,0.018350409773080844
,954.8748519719725,3609.6149011837833,1975.156453386774,0.050374425652806226
25.31013283713825,984.2344275006087,3579.113736747219,1870.2489077141922,0.016683159783512896
38.169409918929475,844.9912891987058,3614.4367662751206,1923.614195319766,0.05032240133656299
24.405834058361492,881.424708356053,3539.391281960964,1752.6606928384667,0.001017920027655769
27.318168579910775,886.1594592051914,3601.6134625560912,1867.1668947140745,0.017177822829716284
23.884644530983778,913.8888071112563,3557.1117046486265,1905.1939300555387,0.0030587458072234524
25.438852160384307,919.2520826127045,3520.204554254267,1887.840763783213,0.011951593168320918
26.81292916804244,914.5785905638621,3483.9985211711733,1831.1865123420491,0.0201336831595798
29.139173323989958,891.5003050678401,3565.584980451245,1891.6194386265481,0.03229962839009877
24.00864466837415,946.6093223043242,3648.393484394545,1815.0200768149853,0.0282426325770398
22.423259378927362,907.3085236469254,3554.6163521900817,1856.2511151736499,-0.004246147802834322
25.03738912293216,869.2254950575186,3470.4051590222025,1943.3237201257252,0.0057609187506510095
24.708115086579582,916.9958698579031,3503.5295249963483,1889.4950781401437,0.007311229697672555
34.65264951884387,998.293378092302,3565.0538877707377,1872.6681415041576,0.05169534870579044
24.392312175746202,928.1638154860138,3592.0208769922447,1902.0245776324891,0.008453608620707959
25.756565705793392,950.4572826634836,3487.475706558154,1851.221584926975,0.01548494957769578
24.116128432282483,917.4573658217098,3538.638461218961,1831.8256259214254,0.005466152278674193
35.12809291250622,971.4015915540643,3433.7940885179783,1777.4555084256922,0.05008243423458503
25.742126392088714,979.5916112395239,3508.1406207059617,1931.487262359594,0.01600548052873223
25.542468633509337,923.1485332605345,3575.3222442836313,1948.2927666185872,0.013569212925664953
28.516428331971856,920.1383012406038,3579.935997363506,1950.943278760049,0.03153286443107365
26.904417972488297,954.872574781644,3546.906374651474,1908.0458588245845,0.02377671761299911
21.636696069303976,931.010774293181,3617.57285295937,1918.2597470657076,0.00021671955889919926
25.373730848573693,857.8974371469977,3521.7938721642054,1888.6932176237747,0.0061544959451749065
23.059346800353023,912.5605104420548,3529.743177717596,1977.837107429967,-0.0006170430492150832
26.555066279538313,967.4864257039613,3480.6747337512315,1926.3184287272595,0.026298985826334956
22.792542196262467,946.3177374359744,3520.836976717609,1914.7957910168086,0.001116644780120185
23.768771510263303,953.7471644419389,3589.7514668428817,1958.8558973481213,0.006265355689619905
27.615454046845105,907.4487580976822,3599.913735575932,1876.0119702204097,0.022074185957673416
26.7676233718783,876.1765585797788,3518.7893198705638,1835.3957905654688,0.012070968271822516
27.200384200673774,944.5736397991429,3495.2082004585513,1935.4992023352797,0.021917867230951144
24.10028023268788,993.4997533358119,3567.6668205206774,1916.6667054251552,0.016523569569880308
25.084782916152733,906.5242286118535,3500.635290082055,1907.9383548555043,0.042176147152907115
27.081445482046945,897.7759564217978,3573.830748658112,1904.6017500879009,0.020816991154925305
23.534031849436264,941.1778325187552,3583.0364448894566,1857.8022402701968,0.004171780429148699
25.48814627124423,902.1881932284437,3580.3559721590022,1968.3219303121525,0.014547944265991673
31.35298328668426,973.2689612377418,3484.0493393447896,1903.1661978819193,0.0377010453361936
26.14294531217772,942.0769068659479,3489.025933065993,1896.476193963001,0.02022623443534044
24.743543517069398,995.7028103450909,3529.287717360399,1947.8136457106095,0.015715449461549215
25.809375345984165,939.8181631148129,3566.3693749392874,1881.5832509921524,0.01186679004641587
36.41117725931031,1002.1922547288372,3623.565796860072,1950.9609271694342,0.0549591537411502
23.066725084286695,993.4784279424633,3550.555981785796,1898.1125906594207,0.004689930256387424
26.064388439058817,879.3848722481955,3467.5273472401695,1849.2714083095868,0.013871008412449749
24.769095458019805,934.7077890254104,3668.386858721291,1860.5097024239174,0.006587946991958806
24.05737211600806,917.5913707062052,3542.2722416389292,1936.0356586017963,0.008488284750096478
27.966106227320974,945.0097084113071,3554.2392514558464,2005.3870264251732,0.026718278058016267
25.963230050117534,935.1567839669286,3507.3160769790084,1858.6942041440936,0.017568163480254185
23.454771405467216,900.3238987739602,3515.7089568545325,1930.341558148891,0.0052168269073561545
35.01107352233048,1198.8312323100442,3510.905099487782,1988.9136492496996,0.04246355085328315
27.165700168227254,920.4110598030998,3532.0367991214575,1867.410615989814,0.0225592858319476
26.523712430270393,905.7726248606991,3524.0048050513815,1902.9338810462552,0.014999864021724485
,965.969404828907,3463.535422423708,1897.6436279043578,0.012984151208409418
26.769311902315664,914.9497017501025,3655.1794103193424,1945.783838547822,0.019574630336396434
31.4792099118245,1068.8977917810018,3539.2756870441835,1926.1287297532665,0.040253727246810395
22.858099818505558,1031.9915182754303,3493.078434456058,1948.5645802162487,0.010169836078868181
24.548766713717637,867.2893953464973,3540.2306097721857,1900.7963844100673,0.0018016938923863068
23.524432372933333,936.5476446669833,3628.427865911399,1897.0729727020912,0.004337964268346735
21.841358603825654,889.5667304512381,3474.7046543151287,1915.785176112902,-0.006456006108452818
24.731757463458184,915.1588601248918,3556.35221426302,2014.4319266013429,0.04481626901069745
25.486551227420335,993.9376834419827,3589.396587186731,1931.9939165941553,0.018851476157283963
25.280108228475374,942.3508884585672,3489.2073509083157,1966.6614160620961,0.012136981069208762
24.489158432495206,955.2727910908839,3573.4973611546343,1963.836686752882,0.011466685602831626
,957.4472307578168,3544.7481423618524,1911.0493476930442,0.016245305118440617
29.26093832851625,950.0129213552012,3522.0826259253345,1978.1764005646469,0.038226903891904154
24.71719973623924,930.0857303699577,3542.231467021852,1939.585913977282,0.009979160804236855
23.302759024869165,936.3050115266036,3394.6277228909626,1932.5387271853238,0.00853882973335636
25.66419196925115,937.0561681926403,3609.2398540774907,1924.890651471818,0.04213949330344745
25.07755270274602,930.1554426877007,3599.4335331439934,1968.7510221948437,0.012474037502202584
26.884800121581623,957.5160415652468,3656.181820149223,1912.4786379991085,0.02207751252422719
27.69989518549214,896.8919535883737,3497.5265931647614,1896.8275955732624,0.025543641000458698
25.70079735529525,939.554617814314,3603.5523112875926,1912.3827718867742,0.015449039717855103
28.756574607051935,966.1154472398146,3356.516644630721,1940.9826688618782,0.03978583141283254
25.841203411722436,950.3757470605955,3510.7657479569225,1948.2196412285043,0.021949151408641145
24.829050176415585,952.9440159806552,3438.7230169001664,1937.7310780477878,0.010725511255328593
24.1860393773248,961.6465753784203,3558.7567406753083,1982.322045011137,0.009934974144395935
25.305227475427774,908.5376316255654,3606.6983690281463,1961.4196126255642,0.009076354514397932
32.76909995985699,1117.3150965099735,3476.7928534039634,1890.6286143427099,0.04886519579026799
27.200293327381722,933.4551976591947,3560.159175303447,1857.409806253044,0.022280943183331514
27.428291993116517,967.5245548941036,3495.1985654433342,1961.4841794399892,0.026869164430465397
26.746170854853716,905.1322266957654,3468.5689253139926,1930.6389184079653,0.017087083016833874
24.843575203536833,980.5402520091845,3572.0710121438005,1841.7106503716714,0.013311315781941021
25.266764614963712,994.7525349177829,3519.917152373511,1877.492679028612,0.0189090517882194
24.780518662903688,965.7561763703993,3525.318386500456,1952.20207825276,0.012201297914610002
26.004769839219097,1001.0779793425248,3599.332714587246,2036.3971696474866,0.04132906452414863
24.39656681951628,959.7855146275888,3602.206991503664,1815.4678650134874,0.01010489146567884
23.822544594192724,865.6805869774037,3416.304605088218,1970.048325675437,0.002678191639229168
24.614346973345466,947.1597487337147,3555.0866039145085,1978.5707904381616,0.01881389648872777
24.0606578788634,942.4702715799042,3564.9240385501025,1877.5711162887226,0.010327800905227023
24.187245324571414,980.0825527447635,3640.3915398952886,1987.1666225699096,0.01584765801737857
22.508625123298593,970.77319340308,3457.2267061892094,1989.8455873352061,0.0036467232222354234
,934.0502664980507,3486.508850896224,1922.1687923811426,0.015575685307450614
27.39536904084093,982.5108824316881,3514.3155280281044,1870.7835720073863,0.031083220245287882
24.57425969869409,1044.0376634933164,3684.7352324308335,1952.262311115729,0.019894006233723407
25.22560178953926,1030.206498609531,3507.746892876052,1864.7177972769823,0.02371206411856944
,968.1296601342893,3597.1851348923633,1924.12552041182,0.03316917959346522
26.595862580153437,970.8447935014269,3575.2719022441165,1861.3961783885238,0.025410292638234355
25.591745643355377,937.135058024245,3505.961277431063,1946.6186132027783,0.011786663603155084
25.691303259851217,901.8845318848477,3575.637135830577,1881.3664372209466,0.009792535758701938
29.054190815524375,967.6350592197111,3478.6610043595388,1907.5462737526364,0.04169018264209734
25.49240656702831,906.615327381569,3466.5542905140833,1927.7843036910963,0.013253118415923262
,922.8348417636314,3576.6989089618673,1965.420815205852,0.013357725191586978
27.745398290501857,971.6957567143219,3562.6101530957285,2106.7836691351285,0.03481048026310441
26.129096752195743,954.308765153282,3449.786586053758,1858.7355875175224,0.020258521364049823
38.374350650362445,912.913731761679,3492.7725830912536,1961.8564293063316,0.05885478513130207
25.1798132591208,1039.3997556937074,3562.9210979437457,1992.2317023283654,0.025655662588430165
26.371019079996014,951.7177666390901,3490.502638697304,1913.7957180125134,0.02033320262538578
26.517955834251378,997.9747918067015,3508.524837118082,1991.712634254762,0.0582150683743448
26.004618447420953,974.4403886994626,3540.0571260589254,1992.4274079330203,0.020485598442160337
26.888239812557288,936.9722126613992,3575.126481694894,1842.8132219319734,0.024421878746062796
25.43270021343802,948.3819368213161,3586.4325518389705,1994.285565115303,0.010718585567612422
29.990736529480323,1296.457936288516,3631.54286938378,1981.2991516595573,0.04505069570683018
23.492483522394956,903.346290568276,3514.4810713323645,1946.4360838563773,0.0043583203629771455
38.52624960932895,950.7147092038615,3602.6745330859053,1942.7983716175472,0.06461049347369355
35.63390516648612,1178.4479904379502,3532.460064734755,1902.5923015462608,0.05177869189931946
27.612341241447393,1013.6228842581412,3439.7413513780793,1863.8287756636987,0.03497885749804836
23.43234363876115,1006.5511931498678,3620.559678571529,1956.1885497335113,0.01237107030948853
26.401514659488253,933.1317913362687,3525.1760269336746,1982.8418101197242,0.02129895398755003
31.349362237064824,1084.6992181896544,3578.150757466966,1967.209716134747,0.039351750092456395
27.037270531858688,895.192791483304,3529.9929488461,1994.073785380459,0.019545210376794783
28.44010599959697,902.6589026956826,3503.5625159371116,1957.6462079056398,0.031245037462514155
23.109431913948107,1013.5609868752647,3533.8265215481692,1969.8101114108326,0.006544831150862692
27.61300462910509,956.4132192967163,3533.8354681084247,2010.3342099138515,0.031609850878078945
24.518634094470933,946.6082735326158,3450.602831052796,2069.6235060070608,0.010945952591960904
25.170216127267746,973.9097240972669,3434.027228876328,1972.106325133315,0.018372116755443438
26.414119351412022,985.396139892368,3564.3049434519617,1982.3539789729527,0.028217282600435815
29.00737438334729,1009.8123850385738,3433.551819810888,1928.1697633502915,0.0453025414852164
25.582139796864272,884.0167118987429,3413.6885350728476,1970.1976704593706,0.01289731389583253
23.72049433924771,920.7135163295715,3491.935353322858,2067.247473210186,0.009686580436462644
21.15887025535113,999.5171893815339,3570.5972495535507,1928.876155539196,0.0035910441150905975
21.656300533522646,939.105614990824,3594.3558970120316,1961.5508425807852,-0.007742312246756357
32.15432556551897,1155.775548321536,3698.8992798875174,1903.7583724612216,0.025929912317528784
26.64188825204587,992.3198091472602,3372.937726742343,1960.7284658825545,0.032315037092531314
25.49741233237732,925.5099917837941,3523.211041378626,1991.6666492202933,0.013308971852279024
24.55019787403893,943.357307656978,3431.8062842868585,1916.4886975734391,0.010491725370762466
25.380765597738918,948.9339336794138,3566.438508436108,1927.0589408388191,0.05791860205539207
26.789723695154226,985.4231922795473,3504.5587783149144,1947.1793767497122,0.030913057158835758
26.603591571495926,957.2451812514206,3489.3121340523817,1951.0892778375405,0.022556211786262183
23.941560704311005,1009.0990653185952,3557.252193177078,1915.750704137694,0.015178048738468558
24.64389482458619,1012.7176180285628,3591.752007229409,2005.2478174630196,0.01999125165156779
26.29817871717421,945.1507339506396,3397.0696614809476,2011.7715599512544,0.020682672124726176
26.90121199541224,975.6229625575498,3504.022310433618,2011.4844966619992,0.029110824038153665
28.721204532056944,959.8235974164711,3514.542612136933,1945.4394129999832,0.03682571895574167
35.3701447746331,1048.2096421504248,3480.055782863501,1983.9666758838957,0.06702181346801431
26.919418137556193,1049.6330150569686,3426.9770300755654,1946.978582452622,0.0344375126684433
22.87753445558975,953.6919462691334,3421.767356396737,2011.9218098160393,0.00560474255204488
26.378609036048537,957.2734366997739,3520.4757972505995,2017.5010635879719,0.01917888735757062
28.202089185971293,1018.4471460419038,3473.8774522442864,1996.1787263376634,0.041842252365942925
24.934839810399318,968.052581174846,3565.7908051522345,1895.749448217302,0.01650062154324802
28.831141735978537,986.6307205027059,3380.5483184348977,1894.2770555438792,0.04271216663114946
25.237771962062627,971.7402664600357,3398.353073794083,1897.3160879771847,0.020930850479132884
24.448408582311803,962.199977028725,3430.5493995805678,1996.1246955954275,0.01004428753203217
29.40400398117708,937.192697495525,3520.104223954672,2052.5242770786695,0.045390495332412795
28.295591683993734,1025.327920447523,3512.131531858709,1973.7488251055129,0.04128811037300038
28.226644380862208,880.3556281847798,3533.178476508353,2008.985367706812,0.023513577414479764
27.61656353844164,964.738016349661,3576.269994712376,2053.2565933534293,0.02927390796201205
25.427928876535113,1023.5640571066202,3426.5986796529146,2041.7089683095592,0.023579281009067365
25.992379836373967,1011.4033210171136,3415.8312151425407,1999.203932343682,0.028410717044015512
39.6069739705476,991.1476433226369,3502.8861498817614,1899.0782653764559,0.07377388884159819
28.274875333343356,894.4282358164603,3436.4409895874155,2056.9078822669594,0.027970462569066896
26.559585366912533,1061.8276727694008,3484.051370606327,2007.5366356073478,0.0332156093008798
21.800858460532794,964.313679719468,3423.1580202298296,1986.7057395808495,0.0018214419774917696
23.77757307613403,986.6851720666557,3428.0649328901945,2047.07340806279,0.013047136788345409
27.098037961875818,944.416340140241,3519.432920843866,2071.0940694883575,0.028597609455071307
26.948492000175808,900.1976528826261,3496.274600826044,2053.6974705982193,0.022536758869080933
35.066287784258286,1219.4526579687351,3456.0359929578563,2023.1695991255274,0.04499428995798298
26.719693316358004,965.9147905280371,3593.2022941904725,1936.8390343586534,0.024126193993631695
25.60310983362722,944.5954916273158,3574.7442099118416,1956.2115366587543,0.01743757827293829
25.774606701487144,1006.473737947066,3546.3384626333172,2044.4189988647643,0.02867168263560814
,1024.3573920741355,3534.1221232744197,1894.2425971952423,0.025278608249818472
26.089980386654712,914.6703941220314,3572.848068392504,1969.7646598172164,0.016159910154661863
28.866013008155917,1012.8760274632815,3436.752905886426,2013.8394074061614,0.045920852651409175
34.978702242240495,1156.0529110895654,3458.7917992772777,1962.100603753868,0.07828702784893077
25.368628235450352,926.7759203368905,3503.7979034021046,1987.903328511673,0.017306186624878473
25.019289688753595,1008.427884788493,3543.355142436038,1978.181869096527,0.021390003919881852
,970.1739657307141,3502.2332426050684,1980.2090313435283,0.034335227170475324
27.6237350782047,949.2466922469844,3376.6639753487793,2008.1192405256768,0.03232296928809993
28.166775242261572,972.9177767647352,3495.7011808799975,1954.1656881380188,0.03878902195300984
24.7056552068908,1023.871422425841,3388.104347989303,2000.6736938711722,0.021345229850993023
29.12156323272789,1011.4460730737638,3519.9600417385063,1993.4210902666034,0.04700903994861168
25.483832573541896,966.6885363966896,3524.9269870522785,1954.6713799436125,0.01965458461089726
28.01019294649867,1027.885312385145,3433.074287375559,1967.6222384348384,0.03842930467838723
26.064022652961086,1018.0095064990841,3513.4040513371315,2105.7230397906796,0.026200958790945077
26.251558845214934,1052.7816389427712,3468.698527515293,1947.462358465445,0.03249229409104714
28.181917216979333,1001.5485194329771,3424.008578970944,1945.354533773656,0.03550519998369537
26.10868279951128,982.1740592045329,3471.4449470987456,2053.7693644838305,0.021937803069965633
26.50395961241939,954.5673984855149,3608.1537051024725,1957.6688838630255,0.02345670300087685
26.541331782166576,987.0195318767642,3420.5237444217505,1974.1729977083035,0.022058657119743887
29.462797680559323,980.6303334075593,3414.652886868329,1933.3806758052258,0.049771110750954695
24.86317385197505,988.7725249918192,3572.323494730882,2139.123499181796,0.018590693376798983
26.27891276886145,981.4140765578962,3497.936883439768,1963.660532324085,0.02657683906405195
26.763802429462647,982.6611961943228,3514.2581635699903,2026.0307259515491,0.03100213680599649
25.962652591320474,1016.9658567507182,3449.7238848783477,2015.15988976758,0.028568463419699
25.461580565148626,943.0957116307733,3576.3114558498764,2089.8666544816215,0.01824879845501793
27.90449102099848,996.1469963386105,3505.19717622206,1981.5281777352154,0.038644020122026744
36.86089375927446,1052.7310798714914,3568.932673975236,2023.3018555505585,0.06940891814207574
29.058696250817853,1006.4014429143751,3588.136439783466,2022.9709879529357,0.048201905429635775
24.048002835445896,997.4604912729719,3493.104646412193,2045.8387048084132,0.03590243693938994
27.705790638992617,953.4916690855608,3483.9944882393083,2065.7114781810524,0.03236307587998122
22.380708747362288,971.5251804364292,3494.533416055136,1988.290511495558,0.004071100939781462
38.148392727330766,985.3743918334718,3456.287498612844,2016.8134476066139,0.06760772264177695
,954.2540582947361,3463.753423242,2007.8460171411537,0.024025434542997014
25.83176694060277,926.1695759262872,3417.791095203938,2118.213666803671,0.01742042981536316
33.550159983687024,1196.529401329106,3510.5588924002404,2007.1104369274171,0.05645734637768382
,932.668360822571,3466.991981671937,2064.975979864368,0.04185353331549628
25.379574978182283,1014.1040844438296,3469.266299470159,2166.7782149590266,0.026193694784121327
27.97724589931334,975.838791032155,3496.6536146054946,1996.1307215141887,0.03566050589041189
28.744627555722953,1028.5142547433659,3525.7496202776615,2062.2473935255543,0.04640771631769363
25.250321533508462,1024.2688658874401,3511.869954458469,2021.0339550978788,0.022759998620977873
23.650078246995218,965.4027600157845,3547.7670874785927,2023.5085870414136,0.011090262156937892
21.223089545342468,1021.055065748427,3560.9190877197416,1981.5898715041633,0.011292352902002669
26.433184123765,1001.8201755167621,3501.9324859965573,2083.584612980852,0.02959253088087313
26.775982242385197,1022.8939087437271,3507.890141662037,2049.9304918698026,0.033669628558793435
24.27392019153771,902.774404209217,3439.6783073475494,2040.0209630280694,0.004492614989072214
25.31652217693077,926.4428053484536,3371.1915163216004,2016.6131440806423,0.012824532401105907
25.257401187004692,954.7563451258262,3502.4084392524874,2021.8201178617924,0.020317368273961828
27.6259559157872,1002.1634452679126,3488.11662023318,1997.9076769421954,0.03638199244364321
28.54265328984665,973.4070846684295,3563.677709459639,2101.9710464251107,0.03961671650285663
27.974978217240707,1090.732167696003,3436.7987868020755,2106.0558312371895,0.04758679161778295
27.895502503658733,1020.9604974409284,3451.952886781816,2020.2970854872497,0.038863376060248915
35.75896182091135,1206.5550272336536,3457.439038279211,2024.2348976732358,0.04382061762753705
31.095191870879344,988.3831222941892,3531.145594402536,2118.437772417132,0.06409854866273941
27.376737899089342,1033.1769311391333,3335.4354845455314,2027.4985443428252,0.03678657164593251
26.56905621979052,969.906693083177,3382.540200557864,2073.1210291372904,0.026251852827000644
26.30755672662063,957.0719865129211,3465.277089133066,2042.1865302502806,0.02268207543944368
28.248542693365778,1010.1908992534135,3482.220365317981,2062.7632592173863,0.0415344830160653
27.077548280391362,964.1834329363073,3543.0494287803685,2040.060023826376,0.03031374170377169
,1242.599868348581,3511.655336252966,2108.5631975375263,0.04505433026964686
24.927289177160546,974.184528254608,3377.3116992653477,2106.422084682424,0.021351454400033946
27.653840245715674,1001.6079431825619,3609.616449137268,2093.613395387254,0.03746659787989385
24.352627127054525,1018.7681575221214,3557.608481414946,2051.6459475969,0.019225942496300483
25.833908305632356,976.8461921783031,3615.7191647882064,2020.7275413371513,0.020246577172048003
32.684384249200725,1136.3718104790112,3479.035249769035,2073.8078453338753,0.0572057808634512
39.768203492489846,1039.4499234380633,3471.893041938812,2088.428375503665,0.07638798492500823
28.008439988090377,1015.4534099405452,3395.733598304019,2104.8466165003774,0.042033881060739936
27.67977298110392,954.9064628984003,3489.678429812828,2011.2147479876235,0.029829681916267566
27.146610655038305,1043.8746477723996,3455.8923978996004,2062.1497464919016,0.03926001361462118
30.026727445580605,1018.8602584888471,3341.3148572191762,2053.4376250400624,0.05683531183883348
26.004304701545813,1010.0342679906757,3512.249511924024,2077.4517776248467,0.03064574412001867
28.296013114012,976.0898656025037,3443.26566740478,2086.6762634729475,0.07084446497078138
28.560713516443677,940.2135684503954,3494.307036946374,2073.269794364524,0.038040748831263044
23.896479138829456,1006.5576652668065,3438.0377969786623,2056.432062116575,0.016668597984230225
26.695003714464843,983.3502559783013,3392.5538459567733,2078.56300994966,0.031734391721889396
27.81833000283995,1028.3825539211157,3458.305743477676,2086.0700255775646,0.039992503923179226
31.827316128087503,954.8211303725278,3493.159978195235,2048.160602692823,0.08921067483863639
25.686046626892978,1018.3105688246281,3439.3558349351615,1994.8192645631989,0.027314154824092458
24.396311735364666,1011.2844677718167,3370.1937304882927,2089.052730750187,0.021700697166954823
36.17532540006805,1017.0399209729771,3441.501926328173,2003.4493642519567,0.058727728515637276
25.471586826811222,980.6972158461075,3610.2675324753977,2004.8174440515002,0.02097974719483817
26.608296243668576,943.7416875179772,3455.1386902523877,2092.395956480439,0.028736046610661134
28.7858929566325,1018.4109899741686,3489.825900471966,2074.1619839943164,0.04779401680846344
28.227615502103472,952.3497824902586,3444.3648020389423,2011.3211403595876,0.03343512180450988
,1075.3144211068263,3525.8762873015294,2102.9957290914886,0.028300019995999365
24.422228070114414,1001.7901498696378,3423.163454668556,2149.255273480423,0.01593526208860477
28.06630776485002,1013.977660168095,3465.39132019511,2096.0980762575405,0.04174468267548942
24.670422036720492,1022.0968816515386,3469.7999856855404,2129.1644240104033,0.02437255397554268
26.204874648724267,1022.3055775779317,3525.7551625765873,2006.6294401220377,0.05430823633642218
24.508058586770876,1063.135997341424,3456.416774151597,2139.79341572038,0.02298043698374396
,1087.5066462071866,3499.1931527858583,2049.4785609305436,0.03141349711755397
26.52616893000185,1015.0668455337308,3466.090208034774,2100.746371852892,0.03177833266666672
27.113046307272597,980.9319217216294,3414.0017202012714,2044.5946925983428,0.03288021902316491
22.56833783997376,1080.1056423517316,3522.685860530106,2029.9122031864083,0.01688360942929762
30.723836281142184,1199.479820115346,3417.6170728947573,2137.546459308438,0.02886353577504195
30.622628465932433,1002.4528440689386,3383.711491576405,2079.0064996225237,0.05944121050209105
26.512506967629506,1013.4697440793568,3467.761194818348,2083.36420990325,0.030758278335666526
26.299495152440755,961.4234814607469,3477.049398637277,2163.245192669051,0.023997565112758967
28.254822950309705,982.572917610914,3446.231962949982,2055.965135110299,0.038917338130059306
37.22976595997042,1189.8081433976417,3519.530434255454,2141.4218887889597,0.07874569100371795
25.062926641030113,1018.3559668948217,3429.3951892761725,2116.5154162813446,0.02294607705180928
24.388953301977892,1024.3274533231336,3435.3246100885826,2049.253711607536,0.024514258424091964
42.02731886951457,1061.7891008621777,3527.7651362702013,2164.7433199648945,0.096815391894124
26.72416283397849,982.0588423348372,3458.3900846955457,2070.216912211115,0.06473671057115091
28.10782502342446,978.8037765369052,3353.5555564059687,2021.277715659422,0.036968799510678295
24.344289191985972,958.9927721260432,3547.2400505723836,2140.419162405616,0.014334851498098492
28.815418076197403,997.9446653889592,3480.2881244631976,2091.541019565594,0.042924607942117665
30.724063931663675,1029.4935315532452,3413.926285407762,2077.15876124871,0.06429627581057695
24.477060861106963,1003.0024992192316,3501.908388783543,2099.760190611559,0.024025684840689107
29.222311886741934,1029.5862112559432,3434.7224421202695,2080.04441959391,0.05016094240264202
27.859568053312106,1016.7634934833934,3421.7790175502155,2145.21147856801,0.0690377328969243
28.840136410923222,1033.2616169655005,3519.2385338118825,2062.8173741850765,0.0531866125311418
24.508784628233656,976.7462300206506,3381.377231902527,2146.2160997234037,0.01592901842615198
27.511776019678393,954.2675755098963,3510.5213323013595,2148.9242524068595,0.032186118704932654
26.540657137530882,1008.6139632797172,3498.1614401268707,2127.378997399314,0.029087278739806793
24.426333702785364,989.0020417440265,3398.9599071009643,2125.115934341158,0.021663593914974254
27.753998482365034,1058.7253681529974,3419.528968520707,2077.045798581506,0.04746671808257754
29.410584373101614,1030.54325653539,3452.908481923492,2032.6914220632896,0.05491431438144429
,1031.059027089385,3363.6431393664298,2055.531434468991,0.08712443126737493
27.64397003135706,1074.9692094102288,3537.1778346402025,2018.8998807799182,0.04589688076488433
28.46332761894299,982.6053263904141,3458.861663275297,2172.6835219021314,0.04044386865271825
27.06739294594493,954.9910524308519,3404.8850880745276,2089.1021124373497,0.02834523219928132
25.42588754990562,1061.0891947413522,3474.9534805205567,2151.4230902484915,0.03374684646137789
,1039.4240789838943,3512.7351359822824,2009.7553439675498,0.03256644028281182
27.422291170952178,963.0514547836206,3376.8140873697585,2117.8618010391183,0.03468988737366788
30.548826870213862,948.8885242713196,3437.569648133857,2132.599395051819,0.060624910110699134
22.439587995625725,1020.0378146219665,3499.3994128909076,2041.1754898932638,0.009715167214321967
29.028106751312322,1048.4234879267083,3570.707460922547,2074.042527376121,0.054339043304128795
27.304278132509005,1035.1025292270303,3393.870030490052,2086.813736631611,0.03666566977805091
30.70981488787152,1040.4324711631887,3559.0677083443616,2075.6133706554792,0.06909440632043323
34.22373500348283,1211.6570964721664,3492.324115866709,2138.5557825892547,0.05679724569308197
28.78867458910689,969.4793930963264,3419.721209561055,2155.269306784233,0.03973743713720752
24.339036067627596,1031.1266260693296,3498.672068705629,2176.914837010124,0.022526979949436757
24.93648247481147,1012.450032741098,3470.3672032574045,2116.143321772652,0.02274554945731222
33.34841281153689,1263.5430266782914,3542.5940996124227,2118.2787001973156,0.046195895302157994
23.28328466161382,1053.083100960748,3430.7682252373415,2069.882002698301,0.020026135494594116
28.74270754620198,1033.8436889993689,3364.515441112615,2093.4305856055403,0.049486359411978965
38.55637992033569,1018.581485121147,3461.2547774945183,2093.8275645793424,0.07715526585108495
22.323491920088472,1031.1921678645294,3397.0898843124714,2274.019318168531,0.016904707986779705
26.955894019390715,1035.5930575875213,3361.3839323419206,2128.6441720897556,0.07385410588020207
26.363588800666154,1010.6343747325309,3443.669644552674,2132.91963196439,0.0339492517721006
26.716234407739943,1018.1979596563039,3395.661955109688,2164.187407866751,0.030935129672191558
26.678221422947345,1091.6262926540276,3422.342878475479,2149.411453791236,0.04237214459439539
27.733223402353804,1060.2440976538956,3392.6323275033046,2098.94145615462,0.04465566267380498
25.446228584732502,942.9674579680753,3446.3108164198316,2089.7738448603072,0.019880330481371705
32.76286351553159,1055.589671233615,3332.475922984977,2153.4708741266677,0.08372933341410486
23.448179575215022,990.645643928308,3508.1583404281855,2167.084201464962,0.013225114522277422
27.13331822728503,1045.0857590071153,3472.4713936088165,2176.013061929943,0.04141826120717024
24.013904405705357,979.8017123057795,3405.986323717548,2042.0259505717506,0.01613751713190878
32.16545341908635,967.4476089637981,3452.2326516347703,2130.5060710770135,0.07619706707257978
,1029.6210126431638,3367.902817714005,2152.1214378623563,0.069417984013846
28.357469577432784,1111.168245791463,3406.293782002552,2158.294489948828,0.0517763125833759
26.125432068809562,1052.3691212904382,3463.2303307335615,2020.950656188973,0.07076591191200515
,1045.5886357681575,3558.3680444650076,2104.880909420507,0.06359743632867712
25.149817443696758,1056.9691078669716,3315.725289061211,2087.338340113005,0.06265611863631723
35.916302693874584,1302.7700382367875,3299.849519077841,2173.86416637967,0.07334704154408575
34.25964699584226,1389.0400556363154,3406.471658397765,2150.9719391907743,0.09311280344358797
26.569717829973193,1078.1335096369892,3400.8593288911657,2147.1374791463886,0.03813123143746183
30.952114680739314,1008.4180476153819,3429.357222987249,2189.216443470952,0.0619727262491806
,1022.1092381924357,3400.8758170598176,2125.115361883857,0.02886268963891861
28.231968827037782,1027.2433021696568,3429.3698893115766,2079.502831426785,0.07949000166847689
27.58112917132223,965.8415694384313,3455.553275207298,2131.1984009516464,0.0333401741921023
26.236440944003714,1019.6541227098679,3436.336122333383,2084.4520927678595,0.03194294550486677
28.059496583810347,1054.6069690539857,3395.765560742236,2192.1011287279266,0.04760305859433114
28.394222308844956,1029.9677196541877,3388.225995220276,2138.012079290262,0.047288965611020646
22.687885221243327,1016.2140760287623,3479.505110280692,2099.7812842736093,0.01631284382165538
28.67739609065505,1066.1313525051717,3344.1390991979256,2146.926892747245,0.05131444101421239
31.735611853911962,1201.8942161794062,3305.487222346262,2093.650325998217,0.060610607118651044
25.5860303812431,1048.5909434799048,3554.7091841920724,2126.736079060019,0.03141622270091386
24.625769933316025,1046.8938393490323,3441.2440904124505,2213.4651337491537,0.023784684877856205
26.10122094376177,1031.438279355598,3500.37986012781,2088.454094826624,0.034844826393893705
26.636887419479173,1068.952192033373,3403.6712837445994,2152.0076485419227,0.04172902871809022
27.194066713113113,1001.1430794479185,3470.2594692701696,2107.182044653985,0.03577022172949583
27.95889611905841,1062.4872887117326,3323.1637280221894,2127.3375329663304,0.048518251937244454
28.00199064852133,1039.2764854519971,3463.32555533447,2155.533220051878,0.04443204706683955
27.939922678355018,1024.4225880694494,3407.3046124093835,2128.1254179711304,0.04351040764701868
26.041417412130432,1061.8782132833555,3464.400540960417,2130.391221214132,0.07651721583479197
28.005957384501826,1000.173645182448,3469.6815938069617,2165.0296531103795,0.04297450924107578
28.223031339708164,1018.8612580793823,3471.1378501180966,2149.406420325092,0.04402348950440206
26.051763989309983,1050.1079614127307,3461.992516102439,2163.7995455936516,0.030606468149008526
27.986934093045033,1005.7626608940105,3409.1315864701405,2094.068557438195,0.04478864617816542
43.10650103909195,1011.1590397307995,3521.8625006652337,2107.399943408381,0.1113325083358645
28.229892276967192,1045.5030959972357,3313.2489596938526,2104.996997035083,0.04903797448053559
25.50233563504097,998.6174427799541,3354.080070050331,2193.4077107109797,0.0265918112514215
26.610373126284106,1045.2311581645702,3383.5227222149315,2090.556439009971,0.06718933142101435
27.07884499326869,1040.7216158620329,3452.197436877661,2129.5955006875715,0.036203475097610925
27.724828419195333,1055.3669353544474,3378.7784349365033,2251.6202320742636,0.04656811033925663
29.633669587560966,995.8613807970235,3418.6092753478692,2214.43171369058,0.04807720623309576
28.71355561588721,1033.939948680984,3457.5566451477966,2229.8754250618395,0.05100101583627087
30.894447230333355,978.6925114994181,3363.4246275884407,2126.5938448320694,0.06230595973197629
36.663556302477346,998.5455610705853,3456.9258904935436,2243.3326225380515,0.07135507419139736
25.200095872099872,988.4712755462531,3382.918215040393,2172.158032030078,0.021976544444658866
36.87816422146636,1315.7936380464907,3382.352938553035,2207.075039925425,0.11466228421936225
27.769657179846426,977.85601806975,3420.7636380525364,2132.933189429706,0.040419390429960886
28.640322258828494,1091.0782570113397,3374.7486757615607,2144.951953592797,0.05169339752816522
28.32166473993729,1005.5934443773513,3453.8153795653134,2136.2103834031805,0.04697863575648498
26.37315606147623,1133.101983178433,3445.6979278621106,2146.9925792975755,0.043894263419425296
37.83509452832035,1028.0706642008467,3414.083223230122,2173.841041689956,0.07926491360076957
33.99165137663918,1150.9892127053631,3435.490224016471,2189.9553000789792,0.04525303954862561
29.92272471966582,1084.7184437098329,3400.984991221343,2053.870454932666,0.06591881892869521
28.06655629025804,1040.28521371881,3505.386294565759,2239.8819321635287,0.04482731323947803
35.77032377191626,1266.2707650272407,3427.7591717808396,2201.785923733096,0.06695436013620792
28.764739107859924,1076.8268235231217,3317.1270555354918,2171.751805151548,0.05425247279505
27.66552764568468,1027.5702718439434,3459.5423579642797,2160.7867383228545,0.04579183545780422
27.90097486047765,1056.5313281154004,3425.713432964287,2268.8380439173065,0.04651309118406596
25.34747440006529,1108.6892085170055,3404.3302703981417,2192.864440604864,0.03865276518239454
25.781954479305284,1100.5668630883033,3448.968804719287,2192.3690271003925,0.06007899627002986
25.883703589015006,933.3025252332936,3617.325815118703,2136.9080708235965,0.019252069239426736
29.892553803608763,1033.0787489295938,3436.575302011781,2167.077900755455,0.060979960844496896
35.17160171484008,1232.5454301935977,3365.299359105931,2173.1728977388957,0.07678393126058072
26.768605228342498,965.4463676369294,3381.8069816228617,2203.8741926360412,0.02857428835602644
23.067747747490483,1048.0485540816107,3420.7658913375776,2090.0273742717945,0.018237386410857766
28.28429020180525,1085.2639894542972,3457.46594668106,2174.0336543060203,0.05237906877181244
23.858544464658728,1077.066126119904,3533.2197907299615,2174.040278630298,0.02737118371206747
27.323314460080567,1065.2493216075668,3392.147275738241,2274.3723104482337,0.044340645475109
27.16974666242365,1006.4789106497083,3301.966507225435,2171.9776876367764,0.03486337656796208
29.569067200914155,1096.7343732747845,3423.1318978951117,2100.991228072819,0.06483729405711347
23.954051727030294,1085.257270828143,3516.321363501209,2198.4869684931355,0.028558325087794798
26.14351460372219,1107.2689442566952,3387.3317532930673,2113.652993097442,0.041380691751250386
32.36457275955558,1071.3853321337247,3463.875868298538,2146.759036345415,0.08588221381528195
23.6060064456552,994.8960021330381,3349.266810488664,2186.3322845517473,0.018373998942921525
33.96417144137268,1271.7412613900476,3420.1258982577815,2187.3245314281385,0.05603045642668649
26.388364727465557,1062.1639819986522,3558.0416853235765,2216.6571901290317,0.040375640545300406
26.63464360545871,1016.6669663207153,3340.4883323929803,2244.5712025231182,0.061832274891449567
27.478565247627266,1037.5095032000281,3521.1979159217553,2211.49719131897,0.07612183746219535
28.69932714286234,1041.1480618836051,3397.2924881097447,2193.1746297619875,0.05374246217976432
30.119640405040442,1060.417743793268,3396.4381747849206,2195.1681341645863,0.06175742745716183
27.793647913487927,1020.2208106504244,3398.242394723671,2223.6474214048776,0.04086213058300818
26.77928819101377,1069.7161663509473,3328.6758325507208,2282.4141198508137,0.03826350293084045
,999.3089226322414,3399.318961058725,2192.2525029965377,0.0766722665286067
29.62779045480373,1034.6681477268746,3483.794835359334,2182.19644911085,0.05834521105822922
29.250031933695116,1055.785034878812,3390.9790892222713,2142.7886479698936,0.05659224015024964
29.156740578984838,1028.5572927756032,3503.175952076154,2260.412306142791,0.05495832799279268
27.953892356773405,1071.0566030070515,3504.6756746513656,2128.929042130388,0.05074909500130846
27.849999849635356,998.5402212540503,3438.902089089443,2153.805119996113,0.06769960085245552
29.786110136260934,1094.6824715654366,3476.1187521712995,2268.17060000065,0.06620718132801759
26.33062225169159,1029.309744197758,3475.6707268391974,2189.862446511063,0.0349517049474182
25.88993752564999,1070.1558783385142,3472.016266060625,2214.1687240020256,0.035254690837291484
30.079463458430293,1045.815324318098,3265.28785394032,2209.7355716729885,0.058195227763351266
42.00091537213671,1081.1770208144126,3422.7874189546433,2172.337546706044,0.10460048042067192
28.213259267581495,1072.7771348288848,3553.66988124704,2253.7302839915283,0.05200448686427544
26.294566890259503,1026.188495674565,3311.974203761489,2119.8835753749554,0.0373140255713419
26.42130235912002,1115.1101242192879,3306.9956647042636,2145.4027520107134,0.04277643159855369
29.060635490424644,992.3323409709567,3409.979277408765,2285.504116347638,0.07675383444209008
26.108399153818475,1095.0886602520168,3380.5840208596337,2246.7699516619964,0.040412730017347506
40.01604852228093,1011.2868340708026,3446.945995460633,2277.6110174447463,0.08382903304671632
26.011008813084082,1098.2585545817403,3448.2698711280823,2199.577417454424,0.042720553317034914
30.636034055770526,1075.6825169658125,3386.0158890640396,2220.2227566252727,0.070614088122817
39.134096306939256,1087.5276160878088,3261.1182705741476,2182.7666762188933,0.09359384735857293
41.22885401528062,1027.5642761659433,3427.485431668057,2273.1553792307113,0.09166132456704784
29.22532394579617,1016.3770962709713,3368.657263789629,2152.1403076961683,0.051312500508320494
39.25209228795603,1108.1224745911788,3508.4970568461126,2245.462928942293,0.0947212812380202
36.57851585048884,1215.3240463297218,3442.6446343919324,2164.270740364495,0.07679953623897962
24.721356062124013,1040.6152333229957,3389.513082204367,2176.156732840287,0.028074462558668477
28.581910579119633,1046.0731717714118,3406.212656511568,2205.5391123127947,0.05236737937633195
25.136084474540212,1089.5734870928907,3361.6001817195047,2169.0549024912307,0.03683609755676514
,1077.9553487454557,3442.352554137145,2235.4198999875725,0.056500771538064536
29.08259124288452,1069.1134132329078,3354.4964996964504,2112.6465434255906,0.0934209712654514
29.147032837665208,961.9832006955438,3427.3012180009246,2185.6724873416856,0.044946248747314496
26.717798062893245,1085.375769451792,3304.8371730353765,2266.4183275733985,0.039741993058080766
26.95970462936106,1067.6837360672066,3329.8585886627766,2188.519091273517,0.04277347321529756
28.43851596203545,1048.4383298227026,3263.981428452494,2072.065731640219,0.053755664409638686
28.644361898053045,1030.1863709668178,3392.0248855716122,2152.5058038446227,0.049938819806339345
26.689442566363184,1064.970363400543,3355.5098419064557,2148.713513082211,0.0406661287592911
37.155809624153264,1298.2364394566755,3359.9412924019816,2211.1559305812366,0.073189574633191
26.901730759152034,1065.094354411046,3431.8592822983665,2233.940572183741,0.04243102282388988
28.157385059358123,1047.0233645781732,3604.403932622825,2151.0730354431494,0.052978877340533026
27.533837105334516,1103.9005902086149,3425.9773087284166,2212.6885797366854,0.052854579869081035
28.583123209235662,1043.0516960413343,3441.966183799563,2186.395318785328,0.05325359782692961
28.780316057181235,1073.6821777817474,3409.8664594112283,2270.4920133402006,0.056870523705609695
28.470428644975073,1063.1930184490595,3472.3829809878894,2274.419745120847,0.04900221816536432
26.15119876514793,1019.6472701613219,3319.7254566548663,2086.8763107328678,0.03538024370518826
25.328143316261787,1154.8052955501412,3374.6242944132027,2304.6045707554877,0.042588199268184405
37.23999650474403,1198.1466955294654,3505.5442326600532,2203.525262389871,0.06584983910127105
23.235588474339902,1074.6134590765316,3547.7438882424035,2206.4053320934163,0.0226419143025979
26.95176183648002,981.9847323115619,3436.798742373903,2154.39049589178,0.03273001573389363
26.641584212438005,1132.8210058611576,3400.386421932534,2213.7153315152377,0.04507970883631246
25.734622545434988,1107.7719165102667,3416.4436076674097,2125.7589335516245,0.040712347715367046
36.80376977412524,1024.6532743700507,3377.7439085067385,2184.6197220604095,0.07645425590662501
25.70789043811823,1067.5938918829122,3419.298697004864,2233.763391803517,0.03490572667998816
26.318958739318774,1099.8154915615053,3402.0937008089095,2327.1259799449444,0.03955555462168995
,1063.6376689284466,3465.8641792876138,2155.8557496880653,0.03288836129769089
26.92603010576636,1077.219891889784,3391.554381407088,2194.5429616454394,0.043607778193172575
27.720496382839727,1009.806746086421,3339.8684943667377,2187.2702184750033,0.043618321174863264
29.859123084632607,1047.3141718208085,3327.6813832102202,2218.3257917102574,0.062030519125032824
28.75827768151575,1061.8013138675865,3424.940861277951,2229.4378466088247,0.05744287901579226
,1063.7463968924478,3331.0339437496145,2205.2418280539064,0.03600299414578035
38.772780665676095,1079.8637895019103,3453.4825623490124,2286.929110848159,0.08887966699634298
24.329091553701396,1075.8826370995905,3355.333369996135,2158.3911540530066,0.03512544512833447
30.129704050422728,1077.995117374343,3396.924104994707,2224.6586963145846,0.09849764684292348
26.7247811573213,987.2257176697914,3539.41305430213,2189.0374770969934,0.034922553835497604
25.642726349455284,1066.038456343472,3443.703074082789,2186.3780421349434,0.036795800557065106
24.974838104833577,1098.4567557649555,3417.043000109943,2159.7507280932214,0.03717158807655566
38.96480503544972,1346.0509060966551,3334.2237685819146,2230.895443487285,0.10075525577551442
36.0943776904942,1432.6278842830102,3410.7594948508663,2238.8049783473684,0.09275380373981804
41.37385777778722,1041.0410098337059,3352.2976600964994,2239.9926384739047,0.09201894640638661
26.854741941544887,1116.3919133163047,3384.397515182901,2244.7403877838683,0.04633051536629976
42.21763784969573,1011.7109226857984,3220.8069133069125,2248.7207273305376,0.09223923457913463
28.288408803145174,1120.9859479319987,3290.625607435447,2300.9579524138207,0.05518220454483445
26.51197961216703,1044.2429227986854,3279.970485203207,2273.16936629488,0.03749074893358022
31.472130094125653,1086.959437689124,3306.5773912570626,2232.2257583317482,0.08213649839972785
27.5875867848869,1017.152910934501,3421.927743339176,2332.495833627156,0.04493222254276783
27.877255078878854,1103.4869708552967,3365.007836579293,2219.9469672980385,0.05299357722594448
37.009376572228895,1232.5297116490872,3326.9484216911496,2265.818003744827,0.08312124747706282
23.60002375856848,1133.3190089319794,3254.7397618770365,2263.4006860781897,0.03241365965056157
27.444318344680976,1174.4527195682442,3429.236272457888,2183.838917426251,0.05572574785862017
31.98680141310357,1030.0733265912993,3359.3795129749055,2215.433996292787,0.08171537160735555
28.762247995135056,1040.6573865675825,3377.4236637390677,2258.8905039086735,0.051043687502208474
30.566343696790504,1078.958185277892,3420.071142965507,2267.1942047006764,0.06812588062391753
25.81108009656651,1027.5158533846113,3404.7925781562913,2286.801578506955,0.03205474192828137
25.62144217136049,1064.946531900485,3450.094006026287,2184.0466263697717,0.03688710698614398
27.621008523391616,1105.600512662549,3372.4269201899438,2245.0465039968158,0.05060396573890477
29.286656910178884,1088.3477530970247,3407.297374666245,2330.446606089464,0.06203000059158255
24.437961575559022,1088.341683466648,3410.1649782923214,2217.113260858084,0.03411567853846609
25.161227795143283,1078.575767664125,3318.934051130742,2251.997455623941,0.035409301660222686
29.51522029434016,1054.3436269159333,3439.433479412619,2244.0748088287396,0.0647680089482057
31.145289150372097,1070.9653167079027,3390.1431297699855,2364.957399564911,0.10980272404151278
32.64352604250039,1148.7049298579755,3240.2454409968823,2272.1521452763977,0.05335192728480747
26.97869475690655,1119.6283229854093,3411.517518511707,2260.0504548797976,0.08612637228429332
26.762104573255314,1049.3657861836148,3432.750785915473,2240.5715760723324,0.040990426101226954
38.02193171883866,1155.224694875107,3335.091980068603,2249.217517401301,0.09578759966136212
29.862675937902708,1053.4156073907727,3389.568660232227,2270.988328046157,0.06288716175307046
29.688390265977052,1116.5930507147693,3264.1962256267752,2201.795488432471,0.06974515622845263
39.767246323030186,1057.1532388237365,3345.449432050474,2265.085647840239,0.0889894370627125
28.0010710844594,1000.9098398375722,3326.6312768053913,2321.9851333512033,0.04689047571580142
,1093.617269982096,3429.0844988288763,2167.340620629336,0.06556821338525078
26.10878736148945,1028.8089873246042,3407.8882141375943,2295.2928714969257,0.034858763249904216
26.258294474489787,1035.499344344938,3322.6694305119827,2132.5489744757047,0.03561617978764644
28.627566167384046,1038.7751685104959,3400.512488392257,2239.6921500655944,0.07750881467186582
31.068833506884882,1055.4046009525168,3454.437465874317,2294.3816319190146,0.07131651060610891
25.92842159671674,1063.021733238601,3389.9010035080005,2183.005518708657,0.034672766353621244
29.89750427163627,1105.652119382738,3423.085801732118,2188.7993300816156,0.06760982466236785
23.53298499035796,1081.6750134942633,3368.9119803810167,2273.145608670063,0.028094397675765503
,1102.2912075607824,3383.0527019827123,2234.519934331356,0.05893418204855279
24.610144499658443,1069.4833792140594,3293.329319217213,2247.639687034776,0.031081454810839352
29.990263525572008,1088.1334763819684,3348.7544884444583,2274.6440463820986,0.06759840949160015
28.85677850048026,1050.5053065677682,3270.189060272004,2240.9794660428465,0.05307789870601255
29.992118767976148,1092.6681041580393,3439.764381530901,2252.648515504748,0.06805082214252124
27.84244367431956,1091.0642223737643,3329.230860364062,2247.7256404192885,0.08242374803864821
27.373337626944362,1061.9887538114324,3403.6155694750937,2289.5136143684385,0.04724002673712273
30.32564473870357,1022.0403633145187,3379.6632312833453,2308.8295368624154,0.06666617963425905
,1073.808275713257,3297.755025727158,2231.007164398441,0.07510535634424288
33.16085149870237,1024.9929749135943,3433.796225573405,2248.8242879871354,0.09125460479961964
40.08788569337915,1386.0359521763635,3394.9377755534806,2212.020990014527,0.1136367937026796
23.98718084429611,1099.1069876842666,3348.4961350190256,2331.0257419707077,0.03134490710105015
30.52776181187654,1142.9801545147175,3352.942946860052,2254.3696994694897,0.08146979623766276
34.36969122892769,1248.0179166650598,3334.062557653693,2352.884420816747,0.06906585371430594
26.130277684018527,1014.0048065841577,3395.6315841896253,2226.2561500236566,0.03512466619906166
28.507827858255425,1074.9959361425333,3397.2742384871426,2262.609369619193,0.05491802766123089
35.01450045682142,1228.450032280411,3324.6913546299083,2227.617586138149,0.07962690285867122
31.29365226972017,1080.3531179743281,3424.1013602022686,2269.210351879416,0.07982303695184131
43.74729694021805,1117.0785414627758,3340.7309675896404,2287.7334342205586,0.1170862095261394
27.71481843997248,1030.339936011134,3410.5277187132356,2282.0863391600583,0.049377920722683086
25.40480002323404,1099.7988980974426,3349.887118948453,2332.079964220164,0.03896675622890432
31.428284167103104,1037.0019806680964,3277.8504765761054,2154.025659722169,0.07388080988154708
32.1093130199669,1013.6937571855738,3384.47503875767,2296.3355479568145,0.08389271591386965
25.458665649714902,1107.0100356850196,3414.4595748211864,2303.131255760244,0.03940385500396362
28.201835326225435,1158.5991852996046,3271.629063378414,2258.020140790362,0.061850130249160286
25.052440109159733,1116.953864175299,3463.6332514181377,2214.974134895011,0.039624699577823524
32.5654631000302,1283.8972229330946,3275.4466298020097,2346.265951991483,0.0793269981342268
28.585493853541998,1089.0270669080048,3391.058630447912,2257.3637522778204,0.05803447485422839
29.042025317209816,1059.0456820271972,3290.749203050515,2192.4505350011277,0.06027894137613803
29.25860826105949,1087.5245413670323,3314.8611584220644,2337.5834773637475,0.061519356688774035
27.54482760965896,1097.8042960838868,3356.2417442904825,2275.77354517525,0.04946086448822392
28.478653212800857,1101.519417783629,3290.439938855243,2297.791054229375,0.06029438927798219
28.34909111505579,1034.3486109028563,3421.004263021515,2222.2520285735586,0.05409215648878297
32.303009645713274,1001.3038700295305,3390.3171667818665,2284.196775975836,0.08149748214979825
29.772766540859976,1067.7046001729027,3373.078853600183,2359.8229150324114,0.061797695346665925
28.991359807223542,1085.3229618747373,3288.9934436654817,2339.1048680692147,0.08780816127745715
29.911398354707586,1081.2034528854326,3372.2149265757794,2337.1569680219263,0.06847909533452437
24.76958506505903,1132.8927609826085,3396.822114040709,2144.2361939247207,0.03868689095604179
29.008656881559645,1052.6622932530465,3287.6509407911994,2278.126353974817,0.059565557839731664
31.758350342479794,1099.9397275214164,3442.257876364652,2251.9819165300214,0.08281958220745374
39.109488378533825,1023.4626006897188,3316.7684325601986,2269.7513240371422,0.08000405769105551
27.746115910532552,1191.3652974035142,3347.8831711177077,2321.7131820436875,0.06432847053418059
25.553130475367215,1106.6650525212713,3344.7228167374988,2413.886533930689,0.04193818270601107
30.68039336000893,1131.0828581503988,3351.493591136661,2321.5156985137646,0.0798371879471787
30.915079012239847,1114.812242796739,3299.4702307136126,2409.3124363837187,0.08242316580443967
31.931069727384383,1044.647678756123,3355.474936340702,2364.2405001960956,0.08219768266298287
26.404380589834275,1045.4322241051395,3330.891371112835,2324.1005223003276,0.03817685597731911
28.8390237324496,1118.0984445827849,3254.8057697304507,2241.7293963319466,0.05881898486792495
36.27153058366807,1334.1112939096215,3456.28320545681,2367.8038402635743,0.0881801170106419
31.49322439668505,1093.727934562729,3321.6213769470774,2205.0501179214275,0.08231345314663872
26.49030629944815,1151.9483605539458,3278.7026489554746,2421.5210604820472,0.04763310078538439
26.51917559191171,1083.2308144800566,3405.3351095373937,2334.3484955019344,0.042685783684224744
28.6613526305937,1097.0143830951483,3358.7303424531992,2358.97670348179,0.05808368497200029
28.956024836755436,1014.1885151985888,3378.4818937672285,2268.2759221390556,0.05368313765559486
41.59253082493017,1023.3603933240192,3239.1917884586383,2365.7214869381696,0.11573781133033502
25.00984247732538,1026.1043135329398,3142.50652313807,2300.0199884764365,0.029916643851789562
27.85215876704434,1101.027091580098,3315.6485492007228,2309.047920339852,0.05485137906958136
30.724439122664016,1133.2687465630017,3359.4807028906484,2316.6949435962742,0.07922073938205067
29.29620839556265,1120.4266205292768,3291.8496181000774,2284.3318953338116,0.07009808455173644
32.679230615305684,1351.2865501087153,3372.284314413722,2338.154592868631,0.06153654313767999
27.816760193330293,1060.9480065019404,3296.328436095881,2286.7762028978163,0.0540200670749182
28.085694017266196,1129.033173206693,3330.7296520790555,2276.2414100427063,0.05673880810762207
40.429396745239046,1081.8619239396128,3385.408958527773,2294.0273545262817,0.09741268974254719
27.963034388546415,1107.7389820969456,3395.310393369191,2361.5197675572495,0.05689266594751797
32.5529077199191,1058.6844690802657,3399.248121744106,2351.6352808567585,0.08705274761904627
,1312.2820994985834,3388.875417635512,2329.813508163031,0.08317126076981055
25.916721440268784,1168.5886559838098,3352.0842119333815,2346.5601529695286,0.05120390862626405
29.239191977683877,1167.0106708104781,3432.145372048669,2262.626342104613,0.07628768249020158
28.606324286040714,999.2525298654537,3318.133857074181,2295.7150356166403,0.04752571613545389
29.567935265995647,1062.2039131342165,3483.5002713997255,2322.3965417481086,0.06305687986394139
26.424505504300644,1135.4356649498236,3313.435221016885,2327.4929230608486,0.05214580702069489
30.345547477569554,1121.2081236422814,3327.5740602477254,2314.5408902131553,0.07421360108741193
26.029503536636728,1077.0904146230353,3263.0947212436095,2380.3598067710313,0.04028296298150682
26.65899168030438,1075.8725313419882,3317.3871113619275,2345.612759413658,0.048379241474216295
26.945934233220882,1129.1868381895993,3202.6610354365016,2401.5388695642696,0.053201167572360195
29.340349818489532,1032.923923783802,3339.9569978728377,2333.8478842410477,0.05633738513925102
25.56005668169763,1166.8008137617853,3361.908805139069,2377.042307428647,0.04738036043079362
32.5029799154425,1076.7838803177783,3373.4139405260403,2311.8821162625004,0.08981892490629662
28.24632395521978,1025.9862845941861,3384.8374949927693,2445.5627640654675,0.05007112806215385
,1124.0686204972844,3303.5842959855977,2325.0865960430733,0.0733111469218436
29.13997074301135,1134.5106962045431,3250.268310543117,2344.1289392029926,0.06762382224035905
25.744472530009364,1120.1418154958317,3212.6765479524333,2308.390387863004,0.044342973917166566
28.849010430179316,1096.0949407002663,3352.324210992562,2372.7135070837353,0.06057034750192019
26.972546992809306,1117.9998330699673,3460.8826864080665,2381.48226286355,0.05257421364197074
35.0018432714115,1357.8284729526122,3361.8354430333416,2347.7232242828854,0.07581271784706425
23.577916743123737,1091.4450047971147,3322.2357458507145,2348.7684653350957,0.0336068873288751
29.182912554249153,1133.7591746736562,3381.0119355348857,2325.578097714056,0.0713178200018473
29.954363946385847,1022.5126999468096,3382.60113720016,2317.4925232932233,0.06249952451590504
26.94727294276487,1134.3044153670535,3262.007789136604,2344.3809803043678,0.05233242650324741
33.27588699974848,1097.0482729168361,3347.1647964245485,2343.1095364633766,0.1032026966844585
28.625921087902263,1038.547098008009,3288.013337633751,2329.3999348011625,0.0559591517392556
29.315642397392747,1108.3112098072509,3305.3586878102055,2374.00198182385,0.06710090711712088
29.038394898285624,1021.2914792494121,3213.428811613578,2382.5155615079702,0.053368964898173804
,1088.235294912046,3304.398759775397,2351.197873163494,0.08359602419430998
31.7814824496573,1261.8524662070838,3359.29553938511,2366.6500242597485,0.06708329244206934
35.293206883201265,1228.666437047569,3385.9508822902935,2321.7066355864613,0.08078938800094558
27.639813686261487,1095.0076245456032,3396.4983102625165,2318.887737615598,0.05559117003961531
34.90308569707625,1340.4326726817667,3385.302636893627,2356.5404013087505,0.0731828402214823
37.04313610700921,1304.162922295757,3372.6126136002877,2381.945874817911,0.1031990997574703
38.838473888748375,1260.4971257690058,3298.132441695713,2288.6933426550304,0.11365933374211548
30.714746237619927,1045.8271991978731,3370.2503531347857,2329.80925857142,0.06872106950244815
39.67473505134089,1174.152695862718,3340.49163112675,2327.371403518477,0.10181734474092097
30.88016910965875,1056.1133061191613,3286.2708653548816,2260.606649708525,0.0683424280051929
28.139949341094358,1076.9684779122313,3386.6086124553044,2397.26085743853,0.05227258692112329
27.077246113908597,1125.6361972702364,3242.7744283650613,2330.151846221527,0.08895584976133886
26.514857458187343,1096.5100420683486,3222.6498607090857,2388.7370266450494,0.06935723561116479
36.887466640998866,1319.5262160180068,3339.49377724297,2386.4693200166957,0.11560020963503213
29.19554546389594,1196.6545106003095,3309.2315511196566,2361.41891834609,0.07473667838928524
41.76691243807804,1150.9665594005105,3282.563955917947,2375.301648276385,0.10623871284179978
26.78106328671001,1030.9772808264595,3229.3472345382424,2327.7198122422633,0.039529256012122024
27.18332711949943,1108.0124500745906,3268.068129483668,2375.187333482215,0.07938643595305185
32.08756855753648,1128.11312639454,3316.8950024006685,2294.3531135849707,0.09201500117651883
25.4682911685042,1139.7755447914121,3252.193147218701,2319.999781098031,0.042183583912732754
33.96151704994095,1275.2411885377596,3357.8318443631642,2297.5611949455088,0.0701699853275499
27.332246123928506,1025.6400174836283,3328.2986661706277,2318.4906227318447,0.046614896864354695
38.1086173888791,1340.7560939565474,3401.431480777521,2357.7124998158574,0.09600032588400922
30.04398977283334,1119.8680772862701,3278.7640044106283,2408.372447543848,0.07886600883283462
29.097691864931477,1121.4091638437146,3324.3346603904715,2423.9074784362774,0.08518029699021823
29.777591237848068,1117.9094450785112,3267.797917016688,2427.7225209404583,0.06958902959138105
30.660516850068177,1087.3023625220733,3308.1464879529617,2446.111534883066,0.07522949143031162
40.25357195128616,1137.9181104393715,3290.5990780207244,2390.364946629338,0.09938641917131097
45.46894521314649,1162.5051619941646,3380.2628279329188,2347.9691601855206,0.13671411190426142
26.43141405392863,1243.7194096653168,3332.541245599508,2299.0623321127273,0.0603548032259354
38.90303168951444,1300.3474245844081,3308.017528874092,2325.438833815844,0.11605409653079828
26.106685741333745,1104.7302682101665,3403.764653341006,2279.3534992556865,0.043791862261956416
40.495549983905,1092.3295759374614,3246.9972660685653,2342.288036887528,0.1014041735068398
27.84877495725352,1115.7893222667055,3396.9061960023364,2340.5163104020544,0.0562171413357749
,1124.1268105908723,3265.0807091016186,2332.7027254536843,0.08550265503608678
29.669024885093393,1123.8734018254904,3250.777430804702,2417.582658343799,0.07012875649154526
31.351757209964934,1081.1199334390778,3376.1279707245444,2295.590583353888,0.08345858665414746
26.441896615534734,1077.662916042767,3262.609807577886,2409.245291864732,0.044465211553720546
29.982860936229848,1181.5439535643893,3209.262134309093,2296.5477973810157,0.08040098276853112
26.07956453224109,1004.3807036198725,3335.1595009904527,2404.009100281727,0.06307631407351383
43.79793085073117,1134.988886565896,3220.284544438124,2404.779870909301,0.12199425255990991
26.961426420447044,1178.7162554647175,3308.739124313632,2403.95577766681,0.054820094233871644
,1076.930313056446,3327.273632667341,2436.896959241653,0.04757363039082447
29.87967891325447,1098.770230694992,3312.0110697783616,2496.02678913029,0.0707491025758683
35.49740663907229,1355.1923900821166,3392.6168008746754,2455.6123529408596,0.1080074570100526
29.423442268298796,1171.8288590725883,3281.1752160153983,2408.5801046830347,0.07399130024333037
32.69741046164919,1053.5463917719903,3280.9439920871555,2380.993696612868,0.09546277306152147
35.390824435479836,1126.6659396037064,3210.1197637932078,2441.9145961399436,0.0830859083553613
35.99042575388669,1046.6705292939562,3226.1404554686574,2437.632575643406,0.07396899011834518
30.492710110768137,1046.2038802462228,3357.8871743850514,2334.3815983232084,0.07181850804402723
30.457676042494814,1134.0129821488363,3340.6001887253283,2352.442131686215,0.08036560096071171
29.447557677151508,1082.9819474831397,3356.149420150504,2506.8263438081894,0.06614713815767048
30.258120397020456,1176.3497237688734,3318.541061003679,2393.490468556668,0.07809487306860707
27.584803489822757,1086.6465294209663,3279.762550034643,2492.142468377362,0.050866013652611924
26.41226135411,1112.9520347877378,3313.069357640735,2328.134222735502,0.0504330487741056
29.43356979212136,1122.0189898688982,3349.808712654956,2409.42309789918,0.09200851456015881
28.227990957418342,1092.4507222236593,3297.0273152301165,2409.884554832534,0.05465394883317005
29.574602375595674,1102.695884826446,3380.12121460696,2489.3817450780207,0.06682555370777005
32.04590489695006,1190.9644978481324,3232.003671129178,2301.2411983329685,0.09872780384105706
29.231173459156853,1136.8984724434883,3295.775030390164,2419.7739162304642,0.0694524645834492
28.59827951149958,1078.7910174800697,3300.477241428038,2400.559824308198,0.05795643172399802
34.71494042414329,1303.3684036189436,3294.341088038878,2359.9154429886416,0.07687465616469719
42.1757378008426,1140.2666773952142,3218.0245498820236,2478.854116786549,0.11579374777800155
26.48635213544363,1152.5662940518107,3274.431882797437,2291.9607806693343,0.05207582985172795
30.727702287672226,1152.5892122621206,3307.5965527120165,2436.505613548352,0.08207914091300691
26.886589955717557,1125.8038773353994,3242.170844275068,2350.6654337614896,0.05490307966869912
27.215411144668924,1209.5185499555166,3469.3918060063406,2401.5992479137376,0.08606975606248907
27.437141748189923,1085.8078395776804,3452.765641439776,2415.33394917946,0.05153088760372432
27.977940820503633,1152.8052821409415,3273.150943893565,2505.2946903809816,0.06123364370039701
31.493870636959386,1069.0536713981646,3336.330000918002,2503.396300904933,0.07923346045195512
30.579295051010266,1114.4361479101312,3277.311471036412,2451.398391285559,0.09990624402948263
29.34566621102181,1165.6186466811866,3338.9033575566045,2420.0682053400683,0.0742246671049789
26.366747214845446,1137.9896604245023,3334.7823279236286,2417.679939851906,0.05278700066457963
29.759459359261605,1125.2935242913206,3354.2115556079475,2370.335265121915,0.07237943384330713
27.99598729611779,1191.451006018376,3275.5117933268516,2399.9070771231604,0.06605356473358956
41.03023841690623,1141.3285419371848,3233.8226571238492,2427.6821202300052,0.10794667293126087
31.025151376867626,1133.9982363956572,3272.2978090240254,2373.839298665215,0.0813517784329218
26.14032445664199,1193.698468539072,3226.0597055233197,2503.77735597194,0.056517729438821655
29.525913202033177,1119.910811997157,3314.3610174241658,2396.584044114542,0.06893771042609723
28.327637651539547,1082.8546579838294,3266.3553322718944,2401.5706595731517,0.05834294045048257
28.266041951268004,1146.5327511658954,3379.636459587849,2357.6545344764604,0.06494495897555018
24.87688080445851,1064.3226137901415,3346.1759638132685,2487.5715523630047,0.03576117778877328
29.19874055801618,1108.3689799874537,3240.695165060293,2469.2509581218924,0.0656877964388843
27.959971747865538,1118.2995060328215,3244.8243237644747,2468.643183108431,0.05766185289148955
37.71681185651794,1325.9529106563439,3214.559588414126,2482.4481331703496,0.09999745194515591
28.49070709702389,1139.6404490654347,3437.763638985664,2405.5629802415974,0.0649992289945844
27.923618984643685,1087.5071420065829,3270.079147961434,2402.4832266317953,0.05780380323319345
25.956867339548666,1150.9034227331324,3265.447497026233,2434.0695278314,0.0509031669154076
30.70794503468203,1075.5686121536855,3275.7710311607143,2461.956822393489,0.07647594724645033
30.871158503597986,1153.9612752448568,3395.7022627047095,2457.0118105383663,0.0877404168629514
32.84513920560312,1107.1900859299258,3371.543999273638,2396.9987705165586,0.1033363594629578
,1119.8392798572227,3260.492553584532,2380.006276200216,0.08894608947348567
30.05322160303229,1126.6519351762347,3237.3820890967904,2479.675990565532,0.07773208492234318
29.898172443785413,1131.2497366895889,3286.0777337978575,2469.12721532488,0.07306088846871024
27.985996436661065,1159.641101003718,3263.058900382517,2335.3445782603426,0.06327339367833894
28.364261697186397,1160.7630397990813,3307.0767802673427,2380.540183652627,0.06837647252572134
27.338803084258753,1118.308425226953,3290.9925704097736,2459.026535599902,0.05588361389927619
27.79085244171506,1125.5403232847027,3294.61299412283,2418.4837961442713,0.06020998133571173
32.24766201769174,1065.2012856676133,3328.627249935972,2409.0163140206473,0.0933843889242531
30.011993647155705,1157.0289092223134,3274.239023993058,2507.3241828582736,0.07478656367491042
25.55937082393782,1127.418800888681,3247.946890008998,2403.485176154171,0.044793080891921674
28.111053957730377,1163.4957382081752,3222.15577898272,2480.7451185356,0.06483436131634088
30.00813951435071,1136.5516331622566,3359.369476543601,2481.742300753531,0.10674077830761705
25.672075993625253,1101.3696736007255,3173.286571855522,2425.9362581338987,0.0442829930530123
28.76056033017177,1101.580499286556,3330.3703124331846,2491.1052101963496,0.06115681162888859
27.16174879092441,1089.7706246258224,3247.21736461115,2433.6981358192734,0.04971430401881642
31.177793791673217,1221.813946107366,3357.1775870580564,2384.42889767262,0.08992200492300756
26.184869121039753,1219.8007155619687,3441.074595070344,2386.5666486835703,0.057834050811252244
30.209663698396042,1185.9419114377363,3269.2036958332715,2369.4520118880705,0.08302455077666566
29.245433960572704,1153.5545263185265,3372.9042645371483,2439.2836675665467,0.11295500818588922
29.630730284422036,1140.7697403211184,3205.9522844758967,2467.593950234293,0.07400971955038146
29.90687054824549,1102.1226421908516,3298.3388139727836,2528.4962158208195,0.07877877340983216
29.650373122772834,1154.0363533314005,3191.453811664468,2412.994785383953,0.07396279976469554
32.14486902884617,1120.995005339352,3348.1586598115773,2445.76881328384,0.09790094326945305
27.986210264898716,1164.2349709908126,3308.519012001298,2377.4193538705026,0.06158459975638995
,1133.5563314842984,3187.511314456141,2484.656057904466,0.07233860403234281
28.964156234197542,1140.8230391691523,3287.2276487385284,2440.8284720889233,0.10403877405687001
26.836894950220266,1116.5447321239656,3259.693420429599,2523.2485813860676,0.05326074134280955
24.94627594500975,1152.0373908296763,3380.1595707016504,2385.643020054223,0.07068774089079838
33.02611147358175,1129.0608647532354,3252.658305600135,2511.457177098936,0.10505553627352535
27.074281617700247,1146.6000158238703,3269.0750651797953,2432.2861664434095,0.05620314054589151
27.94763899639434,1118.4830898781006,3335.0251457331265,2519.9768553000536,0.0608618603937695
30.8332670180716,1184.9907233480599,3216.037849634231,2429.175893352601,0.09050047463007764
28.56673906402323,1164.2475270971572,3197.559116346936,2410.2434083769995,0.06829414471005765
30.83177543134063,1157.9056980832186,3371.6546098976996,2487.5936063439462,0.08857120100933617
37.88095321798727,1334.4943925413468,3263.7301736677355,2435.7349567947167,0.11717757007189494
24.559263106622108,1166.4006237026529,3253.360757262134,2474.6789716965354,0.07980320973024754
26.892341856597405,1094.123100798776,3302.985633845648,2443.235454963709,0.049532180589892776
30.83498839108409,1198.245483628842,3346.93532723715,2467.6256603918646,0.0926417387859441
26.478699406382955,1109.4528541938296,3245.787597606113,2472.4930998054037,0.05124573368606048
29.141324701102562,1149.5837214669082,3228.215637550756,2463.236358105286,0.10063890933485728
40.85137966022311,1402.0289464429466,3306.3227366347564,2445.7787981981032,0.11777630795816801
24.231576874802002,1119.7792971763122,3268.5084643250257,2511.155768385509,0.03869345467621922
27.5461736135385,1157.3961503818055,3224.9482729519336,2521.0184267873947,0.05933009219437496
29.709335526660276,1076.2121476485158,3267.37736643533,2440.693340924593,0.07276271440373219
25.711134942955784,1155.6101504479952,3219.2115913045445,2479.111498567247,0.07822677212070561
27.92660813345118,1155.4646886431697,3297.6187042214247,2498.7924345169877,0.06727570942989111
30.80874622698577,1132.1927939488573,3295.4000371524035,2511.535307301653,0.08470871742435473
27.829218326292636,1157.3922366130182,3331.3505298148434,2356.5275852805785,0.06416849594401525
25.440449401843626,1154.3514953943536,3350.2346177576683,2458.664602645567,0.049798933387834005
,1124.3363501711144,3321.776501223915,2536.166213981523,0.10508427439992599
29.66242587113568,1157.9423452169576,3103.049617561247,2347.942702925435,0.07772687670523608
26.933042119253212,1156.0087334910068,3248.001151513643,2460.662779041187,0.05717942597994525
31.734286879563022,1205.8087089621154,3244.858347178755,2399.415436618508,0.09885099057566149
30.54474092444599,1135.5464777884558,3157.5821116882344,2471.728679615076,0.1109855758676101
29.239726769592757,1143.7778965268212,3273.9771260692123,2462.8038545968943,0.07160043143525145
27.481211716697207,1168.8563290524055,3248.6656320848915,2420.465739543761,0.06498150066910607
28.124935075778257,1104.2222331077724,3270.789591677359,2407.170422073558,0.05889759750747472
33.35998266506637,1178.0748411958825,3247.302268942508,2465.292166955482,0.11556829490203939
25.31583609599146,1157.4618358368589,3214.8980647341837,2592.5563767634326,0.05191650148218257
32.129959361847106,1115.3025421855639,3316.9089786061213,2457.7154497306515,0.09696360803858298
29.22045256230507,1185.6374982765642,3267.629006076201,2429.273584681247,0.0755688513331427
29.982248781134523,1122.8721314398604,3254.5047537370806,2535.17101605288,0.07558873732125389
38.35045244520464,1466.2843908455502,3235.8051585129015,2498.562103498002,0.12635406889906015
26.617090394841053,1135.667458756376,3220.230144121434,2404.8023185841644,0.055779625030887355
31.352629902456208,1068.7459463537514,3294.2601496699353,2487.0208236257827,0.08470605471298782
29.438266994242852,1117.8273789056143,3343.1166731792678,2388.411610554343,0.0725239973224068
29.938797880303675,1154.545576423016,3209.1313412886307,2443.9055321163096,0.0773083172127668
29.326723827516094,1197.3061201679536,3293.59175230279,2575.972277295991,0.07936929123448766
29.01833446749217,1171.0840828297914,3333.023099004188,2512.1219190339693,0.07547860819046742
25.163152725802856,1146.0043637915123,3367.165021267921,2512.9759527414762,0.047492369212117726
30.67041127239353,1133.0970608494479,3163.4828391796673,2600.140151187464,0.08215313767470613
29.205642152289947,1193.599379861285,3229.846472522811,2487.388685395942,0.07685014023600267
29.430372972802594,1182.0129474219734,3229.8020862915682,2519.943186182007,0.07767086051230214
28.69261307023918,1164.4989020336857,3386.6282274816817,2469.715778941589,0.08996169007897048
27.92018276742658,1179.4678945571923,3329.9691667503184,2469.0493882484093,0.06830265767073715
28.40191815010768,1192.3050632784768,3231.9520273877347,2452.7130097826516,0.07104808150580114
32.72564291448133,1147.2395744703106,3306.054714651892,2581.8993060262555,0.13784476861987727
28.468548772062782,1133.3422575393304,3378.430913867975,2493.2147741155954,0.09680617585014983
30.445824378788352,1208.181340994799,3205.108844503689,2531.390756650021,0.08945640257188717
28.260292152687843,1159.8773028229657,3278.3582572855344,2515.679330287991,0.07021255198932616
31.40958617428072,1142.2195278747142,3328.0491770523995,2532.202714763789,0.09013574674561849
28.739115539085358,1242.6162632030841,3230.891656573271,2504.147201499157,0.1177223277406758
26.452600073729183,1169.2022682424963,3259.6638846310234,2481.534740071266,0.08058422134504034
27.794059101982704,1162.6855627592086,3296.1583727344955,2430.1136263357416,0.06332321394687906
30.62560105055081,1124.031266711841,3213.479099582021,2513.0629073589357,0.10534882346637811
34.109194835493966,1412.81056689751,3312.7867061516467,2440.4024251315673,0.07906588262075584
31.12807561448365,1309.8746413773088,3101.68232848373,2545.160619041619,0.06817240656795938
36.51316761620182,1310.1320537588022,3268.3245209118472,2555.093857577471,0.10045979071087835
29.448707505050255,1185.1458365138446,3253.2354797219905,2485.116610398383,0.07755309587165377
37.7316145858022,1306.0813552298791,3173.2536127573817,2427.7258816940066,0.09847706525174904
31.550618331254938,1149.8968756780316,3159.467179071904,2478.027073422438,0.09372418233819085
27.793908876898303,1105.6968859911876,3305.8393428317404,2592.6734937266124,0.05970172972648644
29.297922516351615,1186.1644890441767,3230.6683119130253,2459.660656706416,0.07569247711369123
27.08566381643647,1250.4193351486567,3300.853489935274,2445.9652430488795,0.07158687185052111
24.243692213495052,1170.6118827780574,3352.0590519502452,2498.685060792072,0.04388787822147632
29.811696703527794,1191.154395637572,3198.231221988369,2572.1827335856515,0.08276761424962113
42.2377619297055,1155.796441830275,3289.994544489524,2445.6897305144666,0.13157040353857546
28.130158132991873,1126.1755324198543,3218.5899424883287,2519.3348792343077,0.06732199160293845
30.737062112335686,1205.2133602602296,3311.7437032618695,2501.7039589281726,0.09074369356216093
30.714285206413397,1100.0519906402153,3278.1129575352334,2483.586688713964,0.08171950563781255
32.092700895545526,1113.1295588648275,3234.2058885850306,2492.683577550559,0.09446202557891155
31.379272058045583,1118.5869854020173,3261.828696559363,2439.9350443580347,0.09040141670083993
32.51263559824578,1207.8093729030186,3254.6249002364275,2513.1589777315608,0.11282271089488126
26.827977808464333,1133.852259212474,3268.7459270270015,2559.287729918371,0.05424110786790202
28.886672694016628,1161.7810640617695,3254.6443799125923,2518.765470945257,0.07199776890465544
31.95406124962874,1156.4506680980276,3217.4068575465467,2537.5763147937273,0.10203037975796543
27.26654061007793,1124.255670408425,3231.9671598581767,2546.7699814891635,0.057462295050834916
29.1693274313858,1140.3244936758629,3311.1085406316465,2568.9413507743006,0.0757283282957429
29.44879067878363,1170.3353308602527,3309.2636033793956,2414.5270682894047,0.0801590200146712
26.279562057748723,1161.0488628414384,3318.8104382819665,2493.906906895676,0.05723039567286895
31.453364956470008,1236.195301650926,3187.819167398735,2473.5965726289955,0.10061362217164233
26.89605122816976,1122.5996006808361,3210.0544289009495,2415.7149439907157,0.05297886485088321
27.95624399782202,1112.1708629528132,3216.60775340746,2407.476575757972,0.059572310105695386
,1197.8592686628526,3291.913579155332,2577.918682184011,0.10530506612052012
30.057463896265446,1202.1437933553252,3219.0158326053197,2458.9740617206185,0.08649390662666807
41.04803086306536,1160.4637102370068,3291.9128856515017,2433.2260545828262,0.11149754271348014
29.670063105274068,1211.589579867494,3204.203158251826,2508.9347203754273,0.08254156376862394
29.21809191763599,1112.0142780094438,3301.9951709685092,2544.5410751174313,0.06933326389101489
29.60949471775316,1108.4896930201037,3150.3385570685437,2451.3422910498257,0.07240223463395405
28.414358540383585,1156.68490603649,3208.6281476321847,2457.723172403305,0.10823391991726558
28.780281854599636,1162.3590181572995,3257.862467844303,2661.3882747183266,0.09872428353391222
29.013810133882068,1191.8088570843006,3239.6587652729477,2423.1249151435345,0.07615605788094174
28.85408200320685,1126.8301241724575,3223.7974264893282,2543.401448193624,0.06941639269576431
28.93186908077559,1173.0917230843268,3305.496852015672,2471.7598159487557,0.07489057888515958
30.399923845213266,1147.5845225651665,3291.406987307201,2573.437555507907,0.08475017212926705
26.691487870708873,1155.6154469413868,3266.8878284281736,2547.6925775832906,0.05601807064215885
30.405329461835127,1171.848759014441,3332.8685566144813,2521.4723710693606,0.09078854215013733
31.801148954718364,1129.155247006915,3153.964602013098,2436.0377574183717,0.11057788378188227
29.091122441293926,1148.9441567519698,3105.67537784615,2557.6886648161085,0.07443594095617302
28.181116570232067,1186.8986014252553,3325.423933859591,2567.821336817046,0.07238961621188882
44.988654792808696,1148.0119227066193,3263.3121421646565,2575.634562818053,0.13790634617813088
27.779188012031383,1195.823536337118,3231.5497975297562,2551.879922310741,0.07041475059677212
33.40217625008973,1144.6872591434096,3190.7381947932363,2545.2758303741325,0.11346916976546596
41.05984641144179,1184.6020026733925,3256.569359335029,2522.665038308016,0.1387147422573016
41.809829826066384,1177.8776324793073,3142.4077028828015,2510.8463165002704,0.12752306145175238
31.066951230926204,1295.197507021734,3191.13441275586,2447.050974044221,0.10575467609105636
27.885576356878865,1161.3092397959035,3229.0972934671536,2493.3259441745035,0.06657292098232397
29.208564265666013,1131.9018347985457,3234.9421467026305,2556.506163079144,0.07377994644769498
29.96053117547747,1194.6627822030232,3205.5382532131766,2489.880873192409,0.0863581123956792
31.340670833538546,1124.6770384060053,3175.557386867767,2600.53813090827,0.08880602405284968
31.16469809322116,1149.5876045254888,3214.982850189649,2500.702930058765,0.09248622932647636
28.872333407338076,1206.5121116322002,3285.895149611597,2549.5770597377045,0.0774366079397228
28.974498817262425,1222.1217453409122,3238.107479393942,2628.6065833163584,0.08309466311477784
30.10787362856324,1172.1925136341736,3193.2796999971997,2518.4368064329274,0.11371197282748546
29.64681923238446,1192.3084896171113,3332.357067383409,2479.2463116820054,0.07877613453267372
29.30176791602682,1188.5458930795298,3321.901838911389,2457.494279588902,0.07605009715835737
,1130.4992115495133,3255.966335928033,2551.27045054856,0.05690569426621288
30.315641191138127,1178.4955659426012,3204.791370645436,2504.6429825656332,0.08594596350399647
27.571362837536473,1251.8844292604938,3232.619363263558,2461.206567777833,0.07475992674236093
27.601288873851686,1175.002310670277,3142.270736086046,2491.866058765219,0.06400840793432166
28.306686572008484,1138.3387076058568,3279.5487682920284,2548.3897204696837,0.0640342167655502
29.1883438271761,1108.3110214496282,3198.661902357752,2492.194139510321,0.06729287314148398
,1201.9610233210292,3253.1308152200195,2559.8539123798378,0.0751866714278482
29.659761406319355,1217.61113931636,3372.165571269103,2532.2945316316896,0.08478266801530444
42.1446941417951,1255.9632840313832,3265.959427377718,2497.7137014817945,0.12518102252615376
36.42577023695489,1236.5856364557712,3198.9629877377356,2441.118795107224,0.09906210423217773
28.59802954165542,1165.1512273725834,3215.286342220604,2426.2008941586296,0.0727601700353004
39.394930584704916,1450.4666652148894,3271.3252613214026,2539.546189158272,0.10991476645134393
28.65615296731449,1165.1140260414215,3167.0126718340816,2613.166144708954,0.07023234977406911
28.980953419350055,1149.6246440976968,3208.0623340783036,2566.453774140749,0.07370416517204685
31.29383667514061,1102.7107886762565,3283.0346213024786,2490.0595501182884,0.08571494935153544
29.882448506234287,1156.0659100632367,3230.0471585962737,2544.9364111769723,0.08202247279443478
29.346841267464587,1203.195455025024,3144.379342597363,2509.28378611406,0.0810564149999671
32.61419919748883,1172.9367680389626,3267.27194450077,2464.719787043085,0.10971847201245144
39.05816824120127,1417.8684896422849,3224.7364926647992,2567.434131344787,0.1457087753262107
26.561133435250174,1189.4733690455782,3315.3495523848414,2509.5841911020348,0.06366649555109889
29.186862116137522,1156.272286134569,3234.829193895366,2538.0985285330544,0.07857795406999521
28.814305866863318,1163.521599213305,3127.713314526471,2469.9829857325053,0.07450443880976566
28.036785392835167,1096.792899685203,3099.8027762191946,2511.641255007927,0.06287829676271901
38.103194899013964,1207.3062004295718,3196.5858012674953,2501.867970992207,0.10677390859942038
30.369867033076066,1112.3914793814147,3263.687651755959,2611.905192034587,0.07984220388050857
28.74237202541224,1173.851964665129,3222.0816686144644,2481.9047797605017,0.07634469102580976
30.086791926007738,1161.8419689106304,3249.48444591389,2580.3866178287008,0.0831081782158854
29.97206416756417,1243.5983405456166,3158.323895681931,2532.987091393561,0.09145147279535289
30.373933618493506,1179.6505112640457,3247.6954068405225,2658.91477487087,0.0924542965233852
,1152.8089221018292,3239.283118112513,2539.189454397018,0.0894145583004851
39.20383491518798,1473.9112783309802,3246.543987840066,2562.2086948133106,0.11908939392898249
28.600095440146326,1207.516179180946,3322.8644598922065,2534.2568231313758,0.0786856707021948
30.34110400052058,1201.5715131611983,3177.254381508713,2598.8011835489892,0.09138544684665706
31.32841966807989,1217.9131771622085,3215.9688628897484,2507.946199207371,0.10209181340826962
28.65081942615752,1228.6491329254504,3167.762625194578,2537.8691539686265,0.0772925334231868
27.11715733300977,1184.9150440038893,3342.9078209305776,2508.355958424472,0.06280751156644547
31.487250803764926,1213.401751007168,3216.2507142878776,2578.8274858359864,0.1020766081819824
26.02395426385838,1124.9901630788868,3207.5651052428966,2616.3199005806887,0.05201696965221145
29.635041318150595,1237.1578446947237,3204.7906324676605,2498.145069507922,0.11150032249998192
31.41195975943918,1224.1536139403333,3220.704758641178,2540.3694245373317,0.1290196131846889
39.35950979670024,1136.8053817354653,3191.3476561443676,2503.5068307948,0.10289618886143508
28.846916011514132,1199.7761247223916,3172.8630524356968,2551.0921597205725,0.07841814875385276
32.67219604565688,1194.2828191247831,3174.7450890143723,2548.3934752279747,0.11217913133505145
31.82254569890247,1207.446304843344,3261.664765328283,2543.0443197441696,0.10366903319573716
33.294229216608336,1428.7456771954685,3081.49178184983,2505.9614918209845,0.09515457685281484
28.998712108085826,1138.5652510131254,3188.411761421907,2596.4107380707023,0.07251551290499675
30.432628006139872,1257.8194367879444,3252.187297978803,2602.7093955102846,0.09618721477369158
39.57855153236336,1190.9683799610475,3128.7394197227086,2585.4134862179403,0.11967037384893225
33.2793044089992,1220.386001217275,3226.6217642594147,2581.563407342138,0.12030379079519435
42.24654157084592,1112.5167113733526,3178.269126921623,2675.6383032654167,0.11321759862635573
44.12745203756151,1211.5107255543721,3219.3808450912998,2542.7093030718083,0.13979361335278412
26.854277441808943,1175.0303376477268,3194.934847358279,2609.1719392165983,0.06446198979008232
,1109.297019457158,3266.9940486490887,2576.57175648238,0.08667430313633315
33.540374019161575,1147.2948401329961,3239.3625436259217,2642.643076824503,0.14912963706952184
28.53809471034356,1284.2555036051156,3265.6026599781194,2641.2813160457154,0.08549598647237125
29.739711910182855,1220.9115237649842,3097.796313670221,2586.962844102606,0.08916113790354667
,1205.9077278215052,3224.0509569461874,2467.277992377359,0.08608325753798958
30.134301700650678,1197.7343597996673,3254.088863975792,2561.2791881620624,0.08822128400990949
29.707988517180908,1138.3958439472449,3197.7045062873904,2624.062113064702,0.07938986558264073
30.04597634422536,1155.6270622749578,3221.3655013902453,2591.2076315956433,0.0835707867168289
29.829167078520015,1121.397585007172,3176.3730979327834,2558.2662082977113,0.07822181184291806
30.99583053771458,1223.5421940188169,3192.131016058505,2512.218148898007,0.09920145418680583
31.322960311083207,1210.4706380417576,3094.0957704622233,2656.398494886728,0.09814032856448718
29.90737009447406,1166.6520272391106,3149.890764067597,2652.4736192175274,0.083539444967896
29.039433557866452,1226.2929406749674,3177.0034685080527,2578.1707244491936,0.10740333603592458
32.11586009079599,1194.3597044902588,3135.383879347158,2543.8956815647366,0.1070783864211356
29.56371757258539,1221.0901128182734,3239.894643328745,2598.310454385158,0.08656174498801979
31.463548760184242,1200.6521996202853,3227.6973882304114,2672.9905330660945,0.09878964416049336
30.579023048984766,1178.8793592139277,3220.6135619091415,2659.515116316818,0.09136115595416834
26.993759861331664,1194.845937977985,3223.542600070585,2584.532487542401,0.0643313133556955
26.533294016091276,1193.6743315618603,3347.534272764974,2656.564707688152,0.05930965756665144
29.751538250159246,1135.5304352561323,3119.839826060101,2617.8068424574635,0.07745524435604938
31.296909681836695,1157.347373388226,3240.674191651803,2650.2797522550736,0.09757560055682812
31.729438580371745,1168.033761083956,3174.5911068177124,2602.9865633773784,0.10003565755702461
28.358915950553037,1172.0721354951863,3206.646898571915,2544.294500894367,0.07099703727480401
26.68374116195069,1172.531132584877,3190.415506477168,2561.7137645975463,0.05783254914137987
28.318072999762986,1182.770165986718,3198.4935362274496,2572.798867105134,0.07587506868666995
26.448593891310566,1163.6973021893334,3187.1434252090053,2489.480324170539,0.06404237900244429
28.013035577486374,1200.5751330955177,3145.1744845508088,2592.9672801806496,0.11199681136433785
,1265.2736573917998,3296.5529061575453,2610.3888788608338,0.08901441994053111
29.330714996612656,1150.292718210042,3285.0624699861714,2621.3202221182146,0.09750472613256483
30.234727661524495,1258.859137944134,3178.8273069672628,2655.076943653742,0.12628285960922198
42.77945403532816,1205.6386533559896,3189.141759625838,2556.1436890769987,0.1352870767490168
